Company Name,Model Name,Mobile Weight,RAM,Front Camera,Back Camera,Processor,Battery Capacity,Screen Size,Launched Price (USA),Launched Year,"Price (Cambodia, KHR)"
Apple,iPhone 16 128GB,174g,6GB,12MP,48MP,A17 Bionic,"3,600mAh",6.1 inches,799.0,2024,3691380
Apple,iPhone 16 256GB,174g,6GB,12MP,48MP,A17 Bionic,"3,600mAh",6.1 inches,849.0,2024,3922380
Apple,iPhone 16 512GB,174g,6GB,12MP,48MP,A17 Bionic,"3,600mAh",6.1 inches,899.0,2024,4153380
Apple,iPhone 16 Plus 128GB,203g,6GB,12MP,48MP,A17 Bionic,"4,200mAh",6.7 inches,899.0,2024,4153380
Apple,iPhone 16 Plus 256GB,203g,6GB,12MP,48MP,A17 Bionic,"4,200mAh",6.7 inches,949.0,2024,4384380
Apple,iPhone 16 Plus 512GB,203g,6GB,12MP,48MP,A17 Bionic,"4,200mAh",6.7 inches,999.0,2024,4615380
Apple,iPhone 16 Pro 128GB,206g,6GB,12MP / 4K,50MP + 12MP,A17 Pro,"4,400mAh",6.1 inches,999.0,2024,4615380
Apple,iPhone 16 Pro 256GB,206g,8GB,12MP / 4K,50MP + 12MP,A17 Pro,"4,400mAh",6.1 inches,1049.0,2024,4846380
Apple,iPhone 16 Pro 512GB,206g,8GB,12MP / 4K,50MP + 12MP,A17 Pro,"4,400mAh",6.1 inches,1099.0,2024,5077380
Apple,iPhone 16 Pro Max 128GB,221g,6GB,12MP / 4K,48MP + 12MP,A17 Pro,"4,500mAh",6.7 inches,1099.0,2024,5077380
Apple,iPhone 16 Pro Max 256GB,221g,8GB,12MP / 4K,48MP + 12MP,A17 Pro,"4,500mAh",6.7 inches,1199.0,2024,5539380
Apple,iPhone 16 Pro Max 512GB,221g,8GB,12MP / 4K,48MP + 12MP,A17 Pro,"4,500mAh",6.7 inches,1299.0,2024,6001380
Apple,iPhone 15 128GB,171g,6GB,12MP,48MP,A16 Bionic,"3,200mAh",6.1 inches,799.0,2023,3691380
Apple,iPhone 15 256GB,171g,6GB,12MP,48MP,A16 Bionic,"3,200mAh",6.1 inches,849.0,2023,3922380
Apple,iPhone 15 512GB,171g,6GB,12MP,48MP,A16 Bionic,"3,200mAh",6.1 inches,949.0,2023,4384380
Apple,iPhone 15 Plus 128GB,203g,6GB,12MP,48MP,A16 Bionic,"4,300mAh",6.7 inches,899.0,2023,4153380
Apple,iPhone 15 Plus 256GB,203g,6GB,12MP,48MP,A16 Bionic,"4,300mAh",6.7 inches,999.0,2023,4615380
Apple,iPhone 15 Plus 512GB,203g,6GB,12MP,48MP,A16 Bionic,"4,300mAh",6.7 inches,1049.0,2023,4846380
Apple,iPhone 15 Pro 128GB,206g,6GB,12MP / 4K,48MP + 12MP,A16 Bionic,"4,400mAh",6.1 inches,1099.0,2023,5077380
Apple,iPhone 15 Pro 256GB,206g,8GB,12MP / 4K,48MP + 12MP,A16 Bionic,"4,400mAh",6.1 inches,1199.0,2023,5539380
Apple,iPhone 15 Pro 512GB,206g,8GB,12MP / 4K,48MP + 12MP,A16 Bionic,"4,400mAh",6.1 inches,1299.0,2023,6001380
Apple,iPhone 15 Pro Max 128GB,221g,6GB,12MP / 4K,48MP + 12MP,A16 Bionic,"4,500mAh",6.7 inches,1199.0,2023,5539380
Apple,iPhone 15 Pro Max 256GB,221g,8GB,12MP / 4K,48MP + 12MP,A16 Bionic,"4,500mAh",6.7 inches,1299.0,2023,6001380
Apple,iPhone 15 Pro Max 512GB,221g,8GB,12MP / 4K,48MP + 12MP,A16 Bionic,"4,500mAh",6.7 inches,1399.0,2023,6463380
Apple,iPhone 14 128GB,172g,6GB,12MP,12MP + 12MP,A15 Bionic,"3,200mAh",6.1 inches,799.0,2022,3691380
Apple,iPhone 14 256GB,172g,6GB,12MP,12MP + 12MP,A15 Bionic,"3,200mAh",6.1 inches,849.0,2022,3922380
Apple,iPhone 14 512GB,172g,6GB,12MP,12MP + 12MP,A15 Bionic,"3,200mAh",6.1 inches,949.0,2022,4384380
Apple,iPhone 14 Plus 128GB,203g,6GB,12MP,12MP + 12MP,A15 Bionic,"4,325mAh",6.7 inches,899.0,2022,4153380
Apple,iPhone 14 Plus 256GB,203g,6GB,12MP,12MP + 12MP,A15 Bionic,"4,325mAh",6.7 inches,999.0,2022,4615380
Apple,iPhone 14 Plus 512GB,203g,6GB,12MP,12MP + 12MP,A15 Bionic,"4,325mAh",6.7 inches,1049.0,2022,4846380
Apple,iPhone 14 Pro 128GB,206g,6GB,12MP / 4K,48MP + 12MP,A16 Bionic,"4,200mAh",6.1 inches,1099.0,2022,5077380
Apple,iPhone 14 Pro 256GB,206g,8GB,12MP / 4K,48MP + 12MP,A16 Bionic,"4,200mAh",6.1 inches,1199.0,2022,5539380
Apple,iPhone 14 Pro 512GB,206g,8GB,12MP / 4K,48MP + 12MP,A16 Bionic,"4,200mAh",6.1 inches,1299.0,2022,6001380
Apple,iPhone 14 Pro Max 128GB,221g,6GB,12MP / 4K,48MP + 12MP,A16 Bionic,"4,500mAh",6.7 inches,1199.0,2022,5539380
Apple,iPhone 14 Pro Max 256GB,221g,8GB,12MP / 4K,48MP + 12MP,A16 Bionic,"4,500mAh",6.7 inches,1299.0,2022,6001380
Apple,iPhone 14 Pro Max 512GB,221g,8GB,12MP / 4K,48MP + 12MP,A16 Bionic,"4,500mAh",6.7 inches,1399.0,2022,6463380
Apple,iPhone 13 mini 128GB,140g,4GB,12MP,12MP,A15 Bionic,"2,438mAh",5.4 inches,699.0,2021,3229380
Apple,iPhone 13 mini 256GB,140g,4GB,12MP,12MP,A15 Bionic,"2,438mAh",5.4 inches,799.0,2021,3691380
Apple,iPhone 13 mini 512GB,140g,4GB,12MP,12MP,A15 Bionic,"2,438mAh",5.4 inches,899.0,2021,4153380
Apple,iPhone 13 128GB,174g,4GB,12MP,12MP + 12MP,A15 Bionic,"3,240mAh",6.1 inches,799.0,2021,3691380
Apple,iPhone 13 256GB,174g,4GB,12MP,12MP + 12MP,A15 Bionic,"3,240mAh",6.1 inches,899.0,2021,4153380
Apple,iPhone 13 512GB,174g,4GB,12MP,12MP + 12MP,A15 Bionic,"3,240mAh",6.1 inches,999.0,2021,4615380
Apple,iPhone 13 Pro 128GB,204g,6GB,12MP / 4K,12MP + 12MP + 12MP,A15 Bionic,"3,095mAh",6.1 inches,999.0,2021,4615380
Apple,iPhone 13 Pro 256GB,204g,6GB,12MP / 4K,12MP + 12MP + 12MP,A15 Bionic,"3,095mAh",6.1 inches,1099.0,2021,5077380
Apple,iPhone 13 Pro 512GB,204g,6GB,12MP / 4K,12MP + 12MP + 12MP,A15 Bionic,"3,095mAh",6.1 inches,1199.0,2021,5539380
Apple,iPhone 13 Pro Max 128GB,238g,6GB,12MP / 4K,12MP + 12MP + 12MP,A15 Bionic,"4,352mAh",6.7 inches,1099.0,2021,5077380
Apple,iPhone 13 Pro Max 256GB,238g,6GB,12MP / 4K,12MP + 12MP + 12MP,A15 Bionic,"4,352mAh",6.7 inches,1199.0,2021,5539380
Apple,iPhone 13 Pro Max 512GB,238g,6GB,12MP / 4K,12MP + 12MP + 12MP,A15 Bionic,"4,352mAh",6.7 inches,1399.0,2021,6463380
Apple,iPhone 12 mini 64GB,135g,4GB,12MP,12MP,A14 Bionic,"2,227mAh",5.4 inches,699.0,2020,3229380
Apple,iPhone 12 mini 128GB,135g,4GB,12MP,12MP,A14 Bionic,"2,227mAh",5.4 inches,799.0,2020,3691380
Apple,iPhone 12 mini 256GB,135g,4GB,12MP,12MP,A14 Bionic,"2,227mAh",5.4 inches,899.0,2020,4153380
Apple,iPhone 12 64GB,164g,4GB,12MP,12MP + 12MP,A14 Bionic,"2,815mAh",6.1 inches,799.0,2020,3691380
Apple,iPhone 12 128GB,164g,4GB,12MP,12MP + 12MP,A14 Bionic,"2,815mAh",6.1 inches,899.0,2020,4153380
Apple,iPhone 12 256GB,164g,4GB,12MP,12MP + 12MP,A14 Bionic,"2,815mAh",6.1 inches,999.0,2020,4615380
Apple,iPhone 12 Pro 128GB,189g,6GB,12MP / 4K,12MP + 12MP + 12MP,A14 Bionic,"2,815mAh",6.1 inches,999.0,2020,4615380
Apple,iPhone 12 Pro 256GB,189g,6GB,12MP / 4K,12MP + 12MP + 12MP,A14 Bionic,"2,815mAh",6.1 inches,1099.0,2020,5077380
Apple,iPhone 12 Pro 512GB,189g,6GB,12MP / 4K,12MP + 12MP + 12MP,A14 Bionic,"2,815mAh",6.1 inches,1199.0,2020,5539380
Apple,iPhone 12 Pro Max 128GB,228g,6GB,12MP / 4K,12MP + 12MP + 12MP,A14 Bionic,"3,687mAh",6.7 inches,1099.0,2020,5077380
Apple,iPhone 12 Pro Max 256GB,228g,6GB,12MP / 4K,12MP + 12MP + 12MP,A14 Bionic,"3,687mAh",6.7 inches,1199.0,2020,5539380
Apple,iPhone 12 Pro Max 512GB,228g,6GB,12MP / 4K,12MP + 12MP + 12MP,A14 Bionic,"3,687mAh",6.7 inches,1399.0,2020,6463380
Apple,iPhone 11 64GB,194g,4GB,12MP,12MP + 12MP,A13 Bionic,"3,110mAh",6.1 inches,699.0,2019,3229380
Apple,iPhone 11 128GB,194g,4GB,12MP,12MP + 12MP,A13 Bionic,"3,110mAh",6.1 inches,799.0,2019,3691380
Apple,iPhone 11 256GB,194g,4GB,12MP,12MP + 12MP,A13 Bionic,"3,110mAh",6.1 inches,899.0,2019,4153380
Apple,iPhone 11 Pro 64GB,188g,4GB,12MP / 4K,12MP + 12MP + 12MP,A13 Bionic,"3,046mAh",5.8 inches,999.0,2019,4615380
Apple,iPhone 11 Pro 256GB,188g,4GB,12MP / 4K,12MP + 12MP + 12MP,A13 Bionic,"3,046mAh",5.8 inches,1099.0,2019,5077380
Apple,iPhone 11 Pro 512GB,188g,4GB,12MP / 4K,12MP + 12MP + 12MP,A13 Bionic,"3,046mAh",5.8 inches,1199.0,2019,5539380
Apple,iPhone 11 Pro Max 64GB,226g,4GB,12MP / 4K,12MP + 12MP + 12MP,A13 Bionic,"3,969mAh",6.5 inches,1099.0,2019,5077380
Apple,iPhone 11 Pro Max 256GB,226g,4GB,12MP / 4K,12MP + 12MP + 12MP,A13 Bionic,"3,969mAh",6.5 inches,1199.0,2019,5539380
Apple,iPhone 11 Pro Max 512GB,226g,4GB,12MP / 4K,12MP + 12MP + 12MP,A13 Bionic,"3,969mAh",6.5 inches,1399.0,2019,6463380
Apple,iPhone X 64GB,174g,3GB,7MP,12MP + 12MP,A11 Bionic,"2,716mAh",5.8 inches,999.0,2017,4615380
Apple,iPhone X 256GB,174g,3GB,7MP,12MP + 12MP,A11 Bionic,"2,716mAh",5.8 inches,1099.0,2017,5077380
Apple,iPhone XS 64GB,177g,4GB,7MP,12MP + 12MP,A12 Bionic,"2,658mAh",5.8 inches,999.0,2018,4615380
Apple,iPhone XS 256GB,177g,4GB,7MP,12MP + 12MP,A12 Bionic,"2,658mAh",5.8 inches,1099.0,2018,5077380
Apple,iPhone XS 512GB,177g,4GB,7MP,12MP + 12MP,A12 Bionic,"2,658mAh",5.8 inches,1299.0,2018,6001380
Apple,iPhone XS Max 64GB,208g,4GB,7MP,12MP + 12MP,A12 Bionic,"3,174mAh",6.5 inches,1099.0,2018,5077380
Apple,iPhone XS Max 256GB,208g,4GB,7MP,12MP + 12MP,A12 Bionic,"3,174mAh",6.5 inches,1249.0,2018,5770380
Apple,iPhone XS Max 512GB,208g,4GB,7MP,12MP + 12MP,A12 Bionic,"3,174mAh",6.5 inches,1399.0,2018,6463380
Apple,iPhone XR 64GB,194g,3GB,7MP,12MP + 12MP,A12 Bionic,"2,942mAh",6.1 inches,749.0,2018,3460380
Apple,iPhone XR 128GB,194g,3GB,7MP,12MP + 12MP,A12 Bionic,"2,942mAh",6.1 inches,799.0,2018,3691380
Apple,iPhone XR 256GB,194g,3GB,7MP,12MP + 12MP,A12 Bionic,"2,942mAh",6.1 inches,899.0,2018,4153380
Apple,iPad Air 10.9-inch 64GB,458g,4GB,12MP,12MP,A14 Bionic,"7,608mAh",10.9 inches,599.0,2020,2767380
Apple,iPad Air 10.9-inch 256GB,458g,4GB,12MP,12MP,A14 Bionic,"7,608mAh",10.9 inches,749.0,2020,3460380
Apple,iPad 10.2-inch 32GB,490g,3GB,12MP,8MP,A13 Bionic,"8,612mAh",10.2 inches,329.0,2020,1519980
Apple,iPad 10.2-inch 128GB,490g,3GB,12MP,8MP,A13 Bionic,"8,612mAh",10.2 inches,429.0,2020,1981980
Apple,iPad Mini 7.9-inch 64GB,300.5g,3GB,7MP,8MP,A12 Bionic,"5,124mAh",7.9 inches,399.0,2019,1843380
Apple,iPad Mini 7.9-inch 256GB,300.5g,3GB,7MP,8MP,A12 Bionic,"5,124mAh",7.9 inches,499.0,2019,2305380
Apple,iPad Pro 11-inch 128GB,468g,4GB,7MP,12MP + 10MP,A12Z Bionic,"7,812mAh",11 inches,799.0,2020,3691380
Apple,iPad Pro 11-inch 256GB,468g,4GB,7MP,12MP + 10MP,A12Z Bionic,"7,812mAh",11 inches,899.0,2020,4153380
Apple,iPad Pro 11-inch 512GB,468g,6GB,7MP,12MP + 10MP,A12Z Bionic,"7,812mAh",11 inches,1099.0,2020,5077380
Apple,iPad Pro 12.9-inch 128GB,682g,6GB,7MP,12MP + 10MP,A12Z Bionic,"9,720mAh",12.9 inches,999.0,2020,4615380
Apple,iPad Pro 12.9-inch 256GB,682g,6GB,7MP,12MP + 10MP,A12Z Bionic,"9,720mAh",12.9 inches,1099.0,2020,5077380
Apple,iPad Pro 12.9-inch 512GB,682g,6GB,7MP,12MP + 10MP,A12Z Bionic,"9,720mAh",12.9 inches,1299.0,2020,6001380
Apple,iPad Pro 13-inch 128GB,708g,6GB,7MP,12MP + 10MP,A12Z Bionic,"10,307mAh",13 inches,1099.0,2020,5077380
Apple,iPad Pro 13-inch 256GB,708g,6GB,7MP,12MP + 10MP,A12Z Bionic,"10,307mAh",13 inches,1199.0,2020,5539380
Apple,iPad Pro 13-inch 512GB,708g,6GB,7MP,12MP + 10MP,A12Z Bionic,"10,307mAh",13 inches,1399.0,2020,6463380
Apple,iPad Pro 13-inch 1TB,708g,6GB,7MP,12MP + 10MP,A12Z Bionic,"10,307mAh",13 inches,1599.0,2020,7387380
Apple,iPad Pro 13-inch 2TB,708g,6GB,7MP,12MP + 10MP,A12Z Bionic,"10,307mAh",13 inches,1799.0,2020,8311380
Samsung,Galaxy S24 Ultra 128GB,234g,12GB,12MP,200MP + 12MP,Exynos 2400,5000mAh,6.8 inches,1199.0,2024,5539380
Samsung,Galaxy S24 Ultra 256GB,234g,12GB,12MP,200MP + 12MP,Exynos 2400,5000mAh,6.8 inches,1299.0,2024,6001380
Samsung,Galaxy S24+ 128GB,196g,8GB,12MP,50MP + 12MP,Exynos 2400,4800mAh,6.6 inches,899.0,2024,4153380
Samsung,Galaxy S24+ 256GB,196g,8GB,12MP,50MP + 12MP,Exynos 2400,4800mAh,6.6 inches,999.0,2024,4615380
Samsung,Galaxy S24 128GB,168g,8GB,12MP,50MP + 12MP,Exynos 2400,4000mAh,6.1 inches,799.0,2024,3691380
Samsung,Galaxy S24 256GB,168g,8GB,12MP,50MP + 12MP,Exynos 2400,4000mAh,6.1 inches,899.0,2024,4153380
Samsung,Galaxy S23 Ultra 128GB,228g,12GB,12MP,200MP + 12MP,Snapdragon 8 Gen 2,5000mAh,6.8 inches,1199.0,2023,5539380
Samsung,Galaxy S23 Ultra 256GB,228g,12GB,12MP,200MP + 12MP,Snapdragon 8 Gen 2,5000mAh,6.8 inches,1299.0,2023,6001380
Samsung,Galaxy S23+ 128GB,196g,8GB,12MP,50MP + 12MP,Snapdragon 8 Gen 2,4700mAh,6.6 inches,899.0,2023,4153380
Samsung,Galaxy S23+ 256GB,196g,8GB,12MP,50MP + 12MP,Snapdragon 8 Gen 2,4700mAh,6.6 inches,999.0,2023,4615380
Samsung,Galaxy S23 128GB,168g,8GB,12MP,50MP + 12MP,Snapdragon 8 Gen 2,3900mAh,6.1 inches,799.0,2023,3691380
Samsung,Galaxy S23 256GB,168g,8GB,12MP,50MP + 12MP,Snapdragon 8 Gen 2,3900mAh,6.1 inches,899.0,2023,4153380
Samsung,Galaxy S22 Ultra 128GB,228g,12GB,10MP,108MP + 12MP,Exynos 2200,5000mAh,6.8 inches,1099.0,2022,5077380
Samsung,Galaxy S22 Ultra 256GB,228g,12GB,10MP,108MP + 12MP,Exynos 2200,5000mAh,6.8 inches,1199.0,2022,5539380
Samsung,Galaxy S22+ 128GB,195g,8GB,10MP,50MP + 12MP,Exynos 2200,4500mAh,6.6 inches,799.0,2022,3691380
Samsung,Galaxy S22+ 256GB,195g,8GB,10MP,50MP + 12MP,Exynos 2200,4500mAh,6.6 inches,899.0,2022,4153380
Samsung,Galaxy S22 128GB,167g,8GB,10MP,50MP + 12MP,Exynos 2200,3800mAh,6.1 inches,699.0,2022,3229380
Samsung,Galaxy S22 256GB,167g,8GB,10MP,50MP + 12MP,Exynos 2200,3800mAh,6.1 inches,799.0,2022,3691380
Samsung,Galaxy Z Fold 5 256GB,254g,12GB,10MP,50MP + 12MP,Snapdragon 8 Gen 2,4400mAh,7.6 inches,1799.0,2023,8311380
Samsung,Galaxy Z Fold 5 512GB,254g,12GB,10MP,50MP + 12MP,Snapdragon 8 Gen 2,4400mAh,7.6 inches,1899.0,2023,8773380
Samsung,Galaxy Z Flip 5 256GB,187g,8GB,12MP,12MP + 12MP,Snapdragon 8 Gen 2,3700mAh,6.7 inches,999.0,2023,4615380
Samsung,Galaxy Z Flip 5 512GB,187g,8GB,12MP,12MP + 12MP,Snapdragon 8 Gen 2,3700mAh,6.7 inches,1099.0,2023,5077380
Samsung,Galaxy Z Fold 4 256GB,263g,12GB,10MP,50MP + 12MP,Snapdragon 8 Gen 1,4400mAh,7.6 inches,1799.0,2022,8311380
Samsung,Galaxy Z Fold 4 512GB,263g,12GB,10MP,50MP + 12MP,Snapdragon 8 Gen 1,4400mAh,7.6 inches,1899.0,2022,8773380
Samsung,Galaxy Z Flip 4 256GB,187g,8GB,10MP,12MP + 12MP,Snapdragon 8 Gen 1,3700mAh,6.7 inches,999.0,2022,4615380
Samsung,Galaxy Z Flip 4 512GB,187g,8GB,10MP,12MP + 12MP,Snapdragon 8 Gen 1,3700mAh,6.7 inches,1099.0,2022,5077380
Samsung,Galaxy A54 128GB,189g,6GB,32MP,50MP + 12MP,Exynos 1380,5000mAh,6.4 inches,399.0,2023,1843380
Samsung,Galaxy A54 256GB,189g,6GB,32MP,50MP + 12MP,Exynos 1380,5000mAh,6.4 inches,449.0,2023,2074380
Samsung,Galaxy A34 128GB,199g,6GB,13MP,48MP + 8MP,MediaTek Dimensity 1080,5000mAh,6.6 inches,349.0,2023,1612380
Samsung,Galaxy A34 256GB,199g,6GB,13MP,48MP + 8MP,MediaTek Dimensity 1080,5000mAh,6.6 inches,399.0,2023,1843380
Samsung,Galaxy A24 128GB,195g,6GB,13MP,50MP + 5MP,MediaTek Helio G99,5000mAh,6.5 inches,299.0,2023,1381380
Samsung,Galaxy A24 256GB,195g,6GB,13MP,50MP + 5MP,MediaTek Helio G99,5000mAh,6.5 inches,349.0,2023,1612380
Samsung,Galaxy A14 128GB,190g,4GB,13MP,50MP + 2MP,Exynos 850,5000mAh,6.6 inches,249.0,2023,1150380
Samsung,Galaxy A14 256GB,190g,4GB,13MP,50MP + 2MP,Exynos 850,5000mAh,6.6 inches,299.0,2023,1381380
Samsung,Galaxy A04 64GB,188g,4GB,5MP,50MP + 2MP,Exynos 850,5000mAh,6.5 inches,199.0,2022,919380
Samsung,Galaxy A04 128GB,188g,4GB,5MP,50MP + 2MP,Exynos 850,5000mAh,6.5 inches,249.0,2022,1150380
Samsung,Galaxy M54 128GB,202g,8GB,32MP,108MP + 8MP,Exynos 1380,6000mAh,6.7 inches,349.0,2023,1612380
Samsung,Galaxy M54 256GB,202g,8GB,32MP,108MP + 8MP,Exynos 1380,6000mAh,6.7 inches,399.0,2023,1843380
Samsung,Galaxy M34 128GB,199g,6GB,13MP,50MP + 8MP,Exynos 1280,6000mAh,6.5 inches,299.0,2023,1381380
Samsung,Galaxy M34 256GB,199g,6GB,13MP,50MP + 8MP,Exynos 1280,6000mAh,6.5 inches,349.0,2023,1612380
Samsung,Galaxy M14 128GB,202g,4GB,13MP,50MP + 2MP,Exynos 850,6000mAh,6.6 inches,249.0,2023,1150380
Samsung,Galaxy M14 256GB,202g,4GB,13MP,50MP + 2MP,Exynos 850,6000mAh,6.6 inches,299.0,2023,1381380
Samsung,Galaxy M04 64GB,188g,4GB,5MP,13MP + 2MP,MediaTek Helio P35,5000mAh,6.5 inches,199.0,2022,919380
Samsung,Galaxy M04 128GB,188g,4GB,5MP,13MP + 2MP,MediaTek Helio P35,5000mAh,6.5 inches,249.0,2022,1150380
Samsung,Galaxy F54 128GB,199g,8GB,32MP,108MP + 8MP,Exynos 1380,6000mAh,6.7 inches,349.0,2023,1612380
Samsung,Galaxy F54 256GB,199g,8GB,32MP,108MP + 8MP,Exynos 1380,6000mAh,6.7 inches,399.0,2023,1843380
Samsung,Galaxy F34 128GB,190g,6GB,13MP,50MP + 8MP,Exynos 1280,6000mAh,6.5 inches,299.0,2023,1381380
Samsung,Galaxy F34 256GB,190g,6GB,13MP,50MP + 8MP,Exynos 1280,6000mAh,6.5 inches,349.0,2023,1612380
Samsung,Galaxy F14 128GB,198g,4GB,13MP,50MP + 2MP,Exynos 850,6000mAh,6.6 inches,249.0,2023,1150380
Samsung,Galaxy F14 256GB,198g,4GB,13MP,50MP + 2MP,Exynos 850,6000mAh,6.6 inches,299.0,2023,1381380
Samsung,Galaxy Note 20 Ultra 128GB,208g,12GB,10MP,108MP + 12MP,Exynos 990,4500mAh,6.9 inches,1299.0,2020,6001380
Samsung,Galaxy Note 20 Ultra 256GB,208g,12GB,10MP,108MP + 12MP,Exynos 990,4500mAh,6.9 inches,1399.0,2020,6463380
Samsung,Galaxy Note 20 128GB,192g,8GB,10MP,108MP + 12MP,Exynos 990,4300mAh,6.7 inches,999.0,2020,4615380
Samsung,Galaxy Note 20 256GB,192g,8GB,10MP,108MP + 12MP,Exynos 990,4300mAh,6.7 inches,1099.0,2020,5077380
Samsung,Galaxy Note 10+ 256GB,196g,12GB,10MP,12MP + 16MP,Exynos 9825,4300mAh,6.8 inches,1099.0,2019,5077380
Samsung,Galaxy Note 10+ 512GB,196g,12GB,10MP,12MP + 16MP,Exynos 9825,4300mAh,6.8 inches,1199.0,2019,5539380
Samsung,Galaxy Note 10 256GB,168g,8GB,10MP,12MP + 16MP,Exynos 9825,3500mAh,6.3 inches,949.0,2019,4384380
Samsung,Galaxy Note 10 128GB,168g,8GB,10MP,12MP + 16MP,Exynos 9825,3500mAh,6.3 inches,899.0,2019,4153380
Samsung,Galaxy Xcover 6 Pro 128GB,235g,6GB,13MP,50MP,Exynos 1380,4050mAh,6.6 inches,499.0,2022,2305380
Samsung,Galaxy Xcover 5 64GB,172g,4GB,5MP,16MP,Exynos 850,3000mAh,5.3 inches,249.0,2020,1150380
Samsung,Galaxy J8 64GB,191g,4GB,16MP,16MP + 5MP,Snapdragon 450,3500mAh,6.0 inches,199.0,2018,919380
Samsung,Galaxy J7 Pro 64GB,181g,3GB,13MP,13MP,Exynos 7870,3600mAh,5.5 inches,179.0,2017,826980
Samsung,Galaxy J6+ 64GB,178g,4GB,8MP,13MP + 5MP,Snapdragon 425,3300mAh,6.0 inches,169.0,2018,780780
Samsung,Galaxy J4 16GB,175g,2GB,5MP,13MP,Exynos 7570,3000mAh,5.5 inches,129.0,2018,595980
Samsung,Galaxy C9 Pro 64GB,189g,6GB,16MP,16MP + 8MP,Snapdragon 653,4000mAh,6.0 inches,399.0,2016,1843380
Samsung,Galaxy C7 Pro 64GB,165g,4GB,16MP,16MP,Snapdragon 625,3300mAh,5.7 inches,299.0,2017,1381380
Samsung,Galaxy C5 32GB,143g,4GB,8MP,16MP,Snapdragon 617,2600mAh,5.2 inches,249.0,2016,1150380
Samsung,Galaxy W22 5G 256GB,228g,12GB,10MP,108MP + 12MP,Snapdragon 888,4500mAh,7.6 inches,1499.0,2021,6925380
Samsung,Galaxy W21 5G 256GB,229g,12GB,10MP,108MP + 12MP,Snapdragon 888,4500mAh,7.6 inches,1399.0,2020,6463380
Samsung,Galaxy Tab S9 Ultra 256GB,732g,12GB,12MP + 12MP,13MP + 8MP,Snapdragon 8 Gen 2,11200mAh,14.6 inches,1199.0,2023,5539380
Samsung,Galaxy Tab S9+ 256GB,586g,12GB,12MP,13MP + 8MP,Snapdragon 8 Gen 2,10090mAh,12.4 inches,999.0,2023,4615380
Samsung,Galaxy Tab S9 128GB,498g,8GB,12MP,13MP,Snapdragon 8 Gen 2,8400mAh,11 inches,799.0,2023,3691380
Samsung,Galaxy Tab S9 FE 128GB,523g,6GB,12MP,8MP,Exynos 1380,8000mAh,10.9 inches,549.0,2023,2536380
Samsung,Galaxy Tab S8 Ultra 256GB,726g,12GB,12MP + 12MP,13MP + 6MP,Snapdragon 8 Gen 1,11200mAh,14.6 inches,1099.0,2022,5077380
Samsung,Galaxy Tab S8+ 256GB,567g,8GB,12MP,13MP + 6MP,Snapdragon 8 Gen 1,10090mAh,12.4 inches,899.0,2022,4153380
Samsung,Galaxy Tab S8 128GB,503g,8GB,12MP,13MP + 6MP,Snapdragon 8 Gen 1,8000mAh,11 inches,699.0,2022,3229380
Samsung,Galaxy Tab A9+ 128GB,480g,8GB,5MP,8MP,Snapdragon 695,7040mAh,11 inches,229.0,2023,1057980
Samsung,Galaxy Tab A9 64GB,366g,4GB,2MP,8MP,MediaTek Helio G99,5100mAh,8.7 inches,179.0,2023,826980
Samsung,Galaxy Tab A8 64GB,508g,4GB,5MP,8MP,Unisoc T618,7040mAh,10.5 inches,199.0,2022,919380
Samsung,Galaxy Tab A7 Lite 32GB,366g,3GB,2MP,8MP,MediaTek Helio P22T,5100mAh,8.7 inches,149.0,2021,688380
Samsung,Galaxy Tab Active 5 128GB,433g,6GB,5MP,13MP,Exynos 1380,5050mAh,8 inches,549.0,2024,2536380
Samsung,Galaxy Tab Active 4 Pro 128GB,674g,6GB,8MP,13MP,Snapdragon 778G,7600mAh,10.1 inches,649.0,2022,2998380
Samsung,Galaxy Tab Active 3 64GB,426g,4GB,5MP,13MP,Exynos 9810,5050mAh,8 inches,499.0,2020,2305380
Samsung,Galaxy Tab E 10.1 16GB,490g,1.5GB,2MP,5MP,Spreadtrum SC8830,5000mAh,10.1 inches,129.0,2016,595980
Samsung,Galaxy Tab E 8.0 16GB,360g,1.5GB,2MP,5MP,Qualcomm MSM8916,5000mAh,8 inches,99.0,2016,457380
OnePlus,OnePlus 12 256GB,205g,12GB,32MP,50MP + 48MP,Snapdragon 8 Gen 3,5000mAh,6.7 inches,799.0,2024,3691380
OnePlus,OnePlus 12R 256GB,203g,12GB,16MP,50MP + 8MP,Snapdragon 8 Gen 2,4500mAh,6.7 inches,699.0,2024,3229380
OnePlus,OnePlus 11 256GB,205g,12GB,16MP,50MP + 48MP,Snapdragon 8 Gen 1,5000mAh,6.7 inches,699.0,2023,3229380
OnePlus,OnePlus 11R 256GB,202g,12GB,16MP,50MP + 8MP,Snapdragon 8 Gen 1,5000mAh,6.7 inches,599.0,2023,2767380
OnePlus,OnePlus Nord 3 256GB,190g,12GB,16MP,50MP + 8MP,MediaTek Dimensity 9000,5000mAh,6.74 inches,499.0,2023,2305380
OnePlus,OnePlus Nord CE 3 128GB,179g,8GB,16MP,50MP + 2MP,Snapdragon 782G,5000mAh,6.72 inches,399.0,2023,1843380
OnePlus,OnePlus Nord CE 3 Lite 128GB,195g,8GB,16MP,108MP,Snapdragon 695,5000mAh,6.72 inches,299.0,2023,1381380
OnePlus,OnePlus Nord N30 5G 128GB,192g,8GB,16MP,64MP + 2MP,MediaTek Dimensity 6020,5000mAh,6.72 inches,249.0,2023,1150380
OnePlus,OnePlus Open 256GB,238g,16GB,32MP,48MP + 48MP,Snapdragon 8 Gen 2,4800mAh,7.8 inches,1099.0,2024,5077380
OnePlus,OnePlus 10 Pro 256GB,200g,12GB,32MP,50MP + 48MP,Snapdragon 8 Gen 1,5000mAh,6.7 inches,899.0,2022,4153380
OnePlus,OnePlus 10T 256GB,203g,12GB,16MP,50MP + 8MP,Snapdragon 8+ Gen 1,4500mAh,6.7 inches,749.0,2022,3460380
OnePlus,OnePlus 9 Pro 256GB,192g,12GB,16MP,48MP + 50MP,Snapdragon 888,4500mAh,6.7 inches,699.0,2021,3229380
OnePlus,OnePlus 9 128GB,183g,8GB,16MP,48MP + 50MP,Snapdragon 888,4500mAh,6.55 inches,599.0,2021,2767380
OnePlus,OnePlus 11 Pro 256GB,204g,16GB,32MP,50MP + 48MP,Snapdragon 8 Gen 2,5000mAh,6.7 inches,899.0,2023,4153380
OnePlus,OnePlus Nord 2T 128GB,190g,8GB,32MP,50MP + 8MP,MediaTek Dimensity 1300,4500mAh,6.43 inches,399.0,2022,1843380
OnePlus,OnePlus Nord 2 128GB,190g,8GB,32MP,50MP + 8MP,MediaTek Dimensity 1200-AI,4500mAh,6.43 inches,349.0,2021,1612380
OnePlus,OnePlus Nord N200 64GB,189g,4GB,16MP,13MP + 2MP,Snapdragon 480,5000mAh,6.49 inches,199.0,2021,919380
OnePlus,OnePlus Nord N100 64GB,185g,4GB,8MP,13MP + 2MP,Qualcomm Snapdragon 460,5000mAh,6.52 inches,179.0,2020,826980
OnePlus,OnePlus 8T Cyberpunk 2077 Edition 256GB,188g,12GB,16MP,48MP + 16MP,Snapdragon 865,4500mAh,6.55 inches,749.0,2020,3460380
OnePlus,OnePlus 9T 128GB,192g,8GB,16MP,48MP + 50MP,Snapdragon 888,4500mAh,6.55 inches,649.0,2021,2998380
OnePlus,OnePlus 8T 256GB,188g,12GB,16MP,48MP + 16MP,Snapdragon 865,4500mAh,6.55 inches,599.0,2020,2767380
OnePlus,OnePlus 10T 5G 256GB,203g,12GB,16MP,50MP + 8MP,Snapdragon 8+ Gen 1,4500mAh,6.7 inches,749.0,2022,3460380
OnePlus,OnePlus 9R 5G 128GB,189g,8GB,16MP,48MP + 5MP,Snapdragon 870,4500mAh,6.55 inches,599.0,2021,2767380
OnePlus,OnePlus 8 Pro 256GB,199g,12GB,16MP,48MP + 48MP,Snapdragon 865,4510mAh,6.78 inches,749.0,2020,3460380
OnePlus,OnePlus 8 128GB,180g,8GB,16MP,48MP + 16MP,Snapdragon 865,4300mAh,6.55 inches,699.0,2020,3229380
OnePlus,OnePlus Nord CE 2 Lite 128GB,195g,6GB,16MP,64MP + 2MP,MediaTek Dimensity 900,5000mAh,6.59 inches,249.0,2022,1150380
OnePlus,OnePlus Nord CE 2 128GB,173g,8GB,16MP,64MP + 8MP,MediaTek Dimensity 1200,4500mAh,6.43 inches,299.0,2022,1381380
OnePlus,OnePlus Nord 1 128GB,184g,6GB,16MP,48MP + 5MP,Snapdragon 765G,4115mAh,6.44 inches,349.0,2020,1612380
OnePlus,OnePlus Nord CE 5G 128GB,170g,6GB,16MP,64MP + 8MP,Snapdragon 750G,4500mAh,6.43 inches,299.0,2021,1381380
OnePlus,OnePlus Nord 2 5G 128GB,189g,8GB,32MP,50MP + 8MP,MediaTek Dimensity 1200-AI,4500mAh,6.43 inches,399.0,2021,1843380
OnePlus,OnePlus Nord N100 5G 64GB,185g,4GB,8MP,13MP + 2MP,Qualcomm Snapdragon 460,5000mAh,6.52 inches,179.0,2020,826980
OnePlus,OnePlus Nord N10 5G 128GB,190g,6GB,16MP,64MP + 8MP,Qualcomm Snapdragon 690,4300mAh,6.49 inches,299.0,2020,1381380
OnePlus,OnePlus 8R 128GB,192g,8GB,16MP,48MP + 5MP,Snapdragon 865,4300mAh,6.55 inches,649.0,2020,2998380
OnePlus,OnePlus 7R 128GB,190g,6GB,16MP,48MP + 5MP,Snapdragon 855,3700mAh,6.41 inches,599.0,2020,2767380
OnePlus,OnePlus 6T McLaren Edition 256GB,185g,10GB,16MP,20MP + 16MP,Snapdragon 845,3700mAh,6.41 inches,799.0,2018,3691380
OnePlus,OnePlus 5T Star Wars Edition 128GB,162g,6GB,16MP,16MP + 20MP,Snapdragon 835,3300mAh,6.01 inches,649.0,2017,2998380
OnePlus,OnePlus 13R 128GB,210g,8GB,16MP,50MP + 8MP,Snapdragon 8 Gen 2,4500mAh,6.7 inches,849.0,2023,3922380
OnePlus,OnePlus 11T 128GB,202g,12GB,32MP,50MP + 48MP,Snapdragon 8 Gen 2,5000mAh,6.7 inches,799.0,2023,3691380
OnePlus,OnePlus 10R 128GB,205g,8GB,16MP,50MP + 16MP,MediaTek Dimensity 8100,4500mAh,6.7 inches,599.0,2022,2767380
OnePlus,OnePlus 7 Pro 5G 256GB,206g,12GB,16MP,48MP + 8MP,Snapdragon 855,4000mAh,6.67 inches,799.0,2019,3691380
OnePlus,OnePlus 6 Special Edition 128GB,177g,6GB,16MP,20MP + 16MP,Snapdragon 845,3300mAh,6.28 inches,599.0,2018,2767380
OnePlus,OnePlus 5 Special Edition 128GB,155g,8GB,16MP,20MP + 16MP,Snapdragon 835,3300mAh,5.5 inches,599.0,2017,2767380
OnePlus,OnePlus Nord X 128GB,190g,8GB,32MP,64MP + 8MP,Snapdragon 765G,4000mAh,6.44 inches,299.0,2020,1381380
OnePlus,OnePlus 8 Pro McLaren Edition 256GB,199g,12GB,16MP,48MP + 8MP,Snapdragon 865,4510mAh,6.78 inches,899.0,2020,4153380
OnePlus,OnePlus 8T Cyberpunk Edition 256GB,188g,12GB,16MP,48MP + 16MP,Snapdragon 865,4500mAh,6.55 inches,799.0,2020,3691380
OnePlus,OnePlus 7T Pro 5G McLaren Edition 256GB,206g,12GB,16MP,48MP + 8MP,Snapdragon 855,4085mAh,6.67 inches,899.0,2019,4153380
OnePlus,OnePlus 15R 128GB,210g,12GB,32MP,50MP + 8MP,Snapdragon 8 Gen 3,5000mAh,6.7 inches,849.0,2023,3922380
OnePlus,OnePlus 14+ 128GB,202g,8GB,16MP,64MP + 8MP,Snapdragon 8 Gen 2,4800mAh,6.55 inches,799.0,2023,3691380
OnePlus,OnePlus 13 Pro 256GB,215g,12GB,32MP,50MP + 48MP,Snapdragon 8 Gen 2,5000mAh,6.7 inches,899.0,2023,4153380
OnePlus,OnePlus 12T 5G 256GB,200g,12GB,16MP,50MP + 8MP,Snapdragon 8 Gen 2,5000mAh,6.7 inches,849.0,2023,3922380
OnePlus,OnePlus Pad,550g,8GB,8MP,13MP,MediaTek Dimensity 9000,9510mAh,11.61 inches,499.0,2023,2305380
OnePlus,OnePlus Pad 2,550g,8GB,8MP,13MP,MediaTek Dimensity 9000,9510mAh,11.61 inches,549.0,2024,2536380
OnePlus,OnePlus Pad Pro,610g,12GB,16MP,50MP,Snapdragon 8 Gen 3,11000mAh,12.4 inches,799.0,2024,3691380
Vivo,X200 128GB,223g,12GB,32MP,50MP,Dimensity 9400,6000mAh,6.78 inches,999.0,2024,4615380
Vivo,X200 256GB,223g,12GB,32MP,50MP,Dimensity 9400,6000mAh,6.78 inches,1099.0,2024,5077380
Vivo,X200 Pro 256GB,223g,16GB,32MP,200MP,Dimensity 9400,6000mAh,6.78 inches,1199.0,2024,5539380
Vivo,X200 Pro 512GB,223g,16GB,32MP,200MP,Dimensity 9400,6000mAh,6.78 inches,1299.0,2024,6001380
Vivo,X200 Pro Mini 256GB,187g,16GB,32MP,50MP,Dimensity 9400,5700mAh,6.31 inches,949.0,2024,4384380
Vivo,V40e 128GB,179g,8GB,44MP,64MP,Snapdragon 778G,4100mAh,6.44 inches,449.0,2024,2074380
Vivo,Y200 GT 128GB,190g,12GB,16MP,64MP,Dimensity 1200,5000mAh,6.58 inches,399.0,2024,1843380
Vivo,T3 5G 128GB,180g,8GB,16MP,50MP,Snapdragon 870,5000mAh,6.67 inches,349.0,2024,1612380
Vivo,Y100 5G 128GB,181g,8GB,16MP,64MP,Dimensity 900,4500mAh,6.38 inches,299.0,2024,1381380
Vivo,S18 Pro 256GB,189g,12GB,32MP,108MP,Snapdragon 8 Gen 2,4700mAh,6.56 inches,599.0,2024,2767380
Vivo,V30 Pro 128GB,192g,12GB,32MP,64MP,Dimensity 1100,4500mAh,6.44 inches,549.0,2024,2536380
Vivo,iQOO 12 256GB,210g,16GB,16MP,50MP,Snapdragon 8 Gen 3,5000mAh,6.78 inches,699.0,2024,3229380
Vivo,Z3 64GB,162g,6GB,12MP,16MP,Snapdragon 710,3315mAh,6.3 inches,249.0,2018,1150380
Vivo,V9 64GB,150g,4GB,24MP,16MP,Snapdragon 626,3260mAh,6.3 inches,219.0,2018,1011780
Vivo,X9 Plus 128GB,199g,6GB,20MP+8MP,16MP,Snapdragon 653,4000mAh,5.88 inches,299.0,2017,1381380
Vivo,Y81 32GB,146g,3GB,5MP,13MP,MediaTek Helio P22,3260mAh,6.22 inches,149.0,2018,688380
Vivo,X5Max 16GB,146g,2GB,5MP,13MP,Snapdragon 615,2300mAh,5.5 inches,199.0,2014,919380
Vivo,V5 Plus 64GB,158g,4GB,20MP+8MP,16MP,Snapdragon 625,3055mAh,5.5 inches,249.0,2017,1150380
Vivo,Y95 64GB,163g,4GB,20MP,13MP+2MP,Snapdragon 439,4030mAh,6.22 inches,199.0,2018,919380
Vivo,V3 Max 32GB,168g,4GB,8MP,13MP,Snapdragon 652,3000mAh,5.5 inches,179.0,2016,826980
Vivo,X3S 16GB,153g,1GB,5MP,13MP,MediaTek MT6592,2000mAh,5.0 inches,139.0,2014,642180
Vivo,Y66 32GB,155g,3GB,16MP,13MP,Snapdragon 430,3000mAh,5.5 inches,179.0,2017,826980
Vivo,V19 128GB,176g,8GB,32MP,48MP,Qualcomm Snapdragon 712,4500mAh,6.44 inches,399.0,2020,1843380
Vivo,V19 256GB,176g,8GB,32MP,48MP,Qualcomm Snapdragon 712,4500mAh,6.44 inches,429.0,2020,1981980
Vivo,V17 Pro 128GB,201g,8GB,32MP,48MP,Qualcomm Snapdragon 675,4100mAh,6.44 inches,399.0,2019,1843380
Vivo,V17 Pro 256GB,201g,8GB,32MP,48MP,Qualcomm Snapdragon 675,4100mAh,6.44 inches,429.0,2019,1981980
Vivo,Y12s 64GB,191g,3GB,8MP,13MP,MediaTek Helio P35,5000mAh,6.51 inches,159.0,2020,734580
Vivo,Y12s 128GB,191g,4GB,8MP,13MP,MediaTek Helio P35,5000mAh,6.51 inches,179.0,2020,826980
Vivo,S1 Pro 128GB,185g,6GB,32MP,48MP,MediaTek Helio P65,4500mAh,6.38 inches,249.0,2019,1150380
Vivo,S1 Pro 256GB,185g,6GB,32MP,48MP,MediaTek Helio P65,4500mAh,6.38 inches,269.0,2019,1242780
Vivo,Y11 32GB,190g,3GB,8MP,13MP,Qualcomm Snapdragon 439,5000mAh,6.35 inches,149.0,2019,688380
Vivo,Y11 64GB,190g,3GB,8MP,13MP,Qualcomm Snapdragon 439,5000mAh,6.35 inches,169.0,2019,780780
Vivo,V15 128GB,190g,6GB,32MP,48MP,MediaTek Helio P70,4000mAh,6.53 inches,299.0,2019,1381380
Vivo,V15 256GB,190g,6GB,32MP,48MP,MediaTek Helio P70,4000mAh,6.53 inches,319.0,2019,1473780
Vivo,X27 Pro 128GB,190g,8GB,32MP,48MP,Qualcomm Snapdragon 710,4000mAh,6.39 inches,499.0,2019,2305380
Vivo,X27 Pro 256GB,190g,8GB,32MP,48MP,Qualcomm Snapdragon 710,4000mAh,6.39 inches,549.0,2019,2536380
Vivo,Y30 128GB,193g,4GB,8MP,13MP,MediaTek Helio P35,5000mAh,6.47 inches,199.0,2020,919380
Vivo,Y30 64GB,193g,3GB,8MP,13MP,MediaTek Helio P35,5000mAh,6.47 inches,169.0,2020,780780
Vivo,Z1 Pro 64GB,159g,4GB,16MP,16MP,Qualcomm Snapdragon 712,4500mAh,6.53 inches,249.0,2019,1150380
Vivo,Z1 Pro 128GB,159g,6GB,16MP,16MP,Qualcomm Snapdragon 712,4500mAh,6.53 inches,299.0,2019,1381380
Vivo,X21 128GB,156g,6GB,12MP,12MP,Qualcomm Snapdragon 660,3200mAh,6.28 inches,349.0,2018,1612380
Vivo,X21 64GB,156g,4GB,12MP,12MP,Qualcomm Snapdragon 660,3200mAh,6.28 inches,299.0,2018,1381380
Vivo,V23e 128GB,172g,8GB,50MP,64MP,MediaTek Helio G96,4050mAh,6.44 inches,299.0,2021,1381380
Vivo,V23e 256GB,172g,8GB,50MP,64MP,MediaTek Helio G96,4050mAh,6.44 inches,349.0,2021,1612380
Vivo,Y33s 128GB,182g,8GB,16MP,50MP,MediaTek Helio G80,5000mAh,6.58 inches,239.0,2021,1104180
Vivo,Y33s 64GB,182g,4GB,16MP,50MP,MediaTek Helio G80,5000mAh,6.58 inches,179.0,2021,826980
Vivo,X60 Pro 256GB,190g,12GB,32MP,48MP,Qualcomm Snapdragon 870,4200mAh,6.56 inches,899.0,2021,4153380
Vivo,X60 Pro 512GB,190g,12GB,32MP,48MP,Qualcomm Snapdragon 870,4200mAh,6.56 inches,999.0,2021,4615380
Vivo,V20 Pro 128GB,173g,8GB,44MP,64MP,Qualcomm Snapdragon 765G,4000mAh,6.44 inches,499.0,2020,2305380
Vivo,V20 Pro 256GB,173g,8GB,44MP,64MP,Qualcomm Snapdragon 765G,4000mAh,6.44 inches,549.0,2020,2536380
Vivo,Y75 5G 128GB,179g,8GB,16MP,50MP,MediaTek Dimensity 700,5000mAh,6.58 inches,349.0,2021,1612380
Vivo,Y75 5G 256GB,179g,8GB,16MP,50MP,MediaTek Dimensity 700,5000mAh,6.58 inches,399.0,2021,1843380
Vivo,Y53s 128GB,190g,6GB,16MP,64MP,MediaTek Helio G80,5000mAh,6.58 inches,229.0,2021,1057980
Vivo,Y53s 64GB,190g,6GB,16MP,64MP,MediaTek Helio G80,5000mAh,6.58 inches,179.0,2021,826980
Vivo,V15 Pro 128GB,185g,6GB,32MP,48MP,Qualcomm Snapdragon 675,3700mAh,6.39 inches,399.0,2019,1843380
Vivo,V15 Pro 256GB,185g,6GB,32MP,48MP,Qualcomm Snapdragon 675,3700mAh,6.39 inches,449.0,2019,2074380
Vivo,X70 Pro 128GB,185g,8GB,32MP,50MP,MediaTek Dimensity 1200,4450mAh,6.56 inches,749.0,2021,3460380
Vivo,X70 Pro 256GB,185g,8GB,32MP,50MP,MediaTek Dimensity 1200,4450mAh,6.56 inches,799.0,2021,3691380
Vivo,T1 5G 128GB,181g,6GB,16MP,50MP,Qualcomm Snapdragon 695,5000mAh,6.58 inches,269.0,2022,1242780
Vivo,T1 5G 256GB,181g,8GB,16MP,50MP,Qualcomm Snapdragon 695,5000mAh,6.58 inches,319.0,2022,1473780
Vivo,X30 Pro 128GB,199g,8GB,32MP,64MP,Qualcomm Snapdragon 855,4200mAh,6.44 inches,899.0,2019,4153380
Vivo,X30 Pro 256GB,199g,8GB,32MP,64MP,Qualcomm Snapdragon 855,4200mAh,6.44 inches,949.0,2019,4384380
Vivo,V27 128GB,182g,8GB,50MP,50MP,MediaTek Dimensity 8200,4600mAh,6.78 inches,599.0,2023,2767380
Vivo,V27 256GB,182g,8GB,50MP,50MP,MediaTek Dimensity 8200,4600mAh,6.78 inches,649.0,2023,2998380
Vivo,V27 Pro 128GB,182g,8GB,50MP,50MP,MediaTek Dimensity 8200,4600mAh,6.78 inches,699.0,2023,3229380
Vivo,V27 Pro 256GB,182g,8GB,50MP,50MP,MediaTek Dimensity 8200,4600mAh,6.78 inches,749.0,2023,3460380
Vivo,V25 Pro 128GB,190g,8GB,32MP,64MP,MediaTek Dimensity 1300,4830mAh,6.56 inches,599.0,2022,2767380
Vivo,V25 Pro 256GB,190g,8GB,32MP,64MP,MediaTek Dimensity 1300,4830mAh,6.56 inches,649.0,2022,2998380
Vivo,X90 Pro 256GB,221g,12GB,32MP,50MP,MediaTek Dimensity 9200,4870mAh,6.78 inches,1099.0,2022,5077380
Vivo,X90 Pro 512GB,221g,12GB,32MP,50MP,MediaTek Dimensity 9200,4870mAh,6.78 inches,1199.0,2022,5539380
Vivo,Y100 128GB,190g,8GB,16MP,64MP,MediaTek Dimensity 900,4500mAh,6.44 inches,399.0,2023,1843380
Vivo,Y100 256GB,190g,8GB,16MP,64MP,MediaTek Dimensity 900,4500mAh,6.44 inches,449.0,2023,2074380
Vivo,T2 Series 128GB,190g,8GB,16MP,64MP,Qualcomm Snapdragon 695,4500mAh,6.44 inches,299.0,2023,1381380
Vivo,T2 Series 256GB,190g,8GB,16MP,64MP,Qualcomm Snapdragon 695,4500mAh,6.44 inches,349.0,2023,1612380
Vivo,V23 5G 128GB,179g,8GB,50MP,64MP,MediaTek Dimensity 920,4200mAh,6.44 inches,499.0,2022,2305380
Vivo,V23 5G 256GB,179g,8GB,50MP,64MP,MediaTek Dimensity 920,4200mAh,6.44 inches,549.0,2022,2536380
Vivo,X80 256GB,206g,12GB,32MP,50MP,MediaTek Dimensity 9000,4700mAh,6.78 inches,899.0,2022,4153380
Vivo,X80 512GB,206g,12GB,32MP,50MP,MediaTek Dimensity 9000,4700mAh,6.78 inches,999.0,2022,4615380
Vivo,Y21 128GB,182g,4GB,8MP,13MP,MediaTek Helio P35,5000mAh,6.51 inches,199.0,2021,919380
Vivo,Y21 64GB,182g,4GB,8MP,13MP,MediaTek Helio P35,5000mAh,6.51 inches,179.0,2021,826980
Vivo,Pad 128GB,498g,6GB,8MP,13MP,Snapdragon 870,8040mAh,11 inches,329.0,2022,1519980
Vivo,Pad 2 256GB,535g,8GB,8MP,50MP,MediaTek Dimensity 1200,8040mAh,11 inches,399.0,2023,1843380
Vivo,Pad Air 128GB,510g,6GB,8MP,13MP,Snapdragon 870,8040mAh,10.4 inches,279.0,2023,1288980
Vivo,Pad 3 128GB,500g,6GB,8MP,13MP,Snapdragon 750G,8040mAh,11 inches,349.0,2023,1612380
Vivo,Pad 3 Pro 256GB,550g,8GB,8MP,50MP,Snapdragon 888,8040mAh,12.3 inches,449.0,2023,2074380
Vivo,Pad 4 Pro 256GB,560g,8GB,8MP,50MP,MediaTek Dimensity 9000,8040mAh,12.9 inches,499.0,2024,2305380
iQOO,Pad 128GB,520g,6GB,8MP,13MP,Snapdragon 870,8040mAh,11 inches,349.0,2023,1612380
iQOO,Pad 2 256GB,540g,8GB,8MP,50MP,Snapdragon 888,8040mAh,12.3 inches,399.0,2024,1843380
iQOO,Pad 2 Pro 256GB,555g,8GB,8MP,50MP,Snapdragon 8 Gen 1,8040mAh,12.3 inches,449.0,2024,2074380
Oppo,Find N3 512GB,239g,12GB,32MP,48MP + 64MP + 48MP,Snapdragon 8 Gen 2,4805mAh,7.82 inches,1399.0,2023,6463380
Oppo,Find N3 Flip 256GB,198g,12GB,32MP,50MP + 32MP + 48MP,MediaTek Dimensity 9200,4300mAh,6.8 inches,999.0,2023,4615380
Oppo,Find X8 Pro 256GB,210g,12GB,32MP,50MP + 50MP + 50MP,Snapdragon 8 Gen 2,5000mAh,6.8 inches,1299.0,2024,6001380
Oppo,Find X8 256GB,195g,8GB,32MP,50MP + 50MP,Snapdragon 8 Gen 2,4800mAh,6.7 inches,1099.0,2024,5077380
Oppo,Reno13 F 4G 256GB,192g,8GB,32MP,50MP + 8MP + 2MP,MediaTek Helio G100,5800mAh,6.67 inches,499.0,2025,2305380
Oppo,Reno13 F 256GB,192g,8GB,32MP,50MP + 8MP + 2MP,MediaTek Helio G100,5800mAh,6.67 inches,499.0,2025,2305380
Oppo,Reno13 Pro 512GB,210g,12GB,50MP,50MP + 50MP + 8MP,MediaTek Dimensity 8350,5800mAh,6.83 inches,799.0,2025,3691380
Oppo,Reno13 256GB,200g,12GB,50MP,50MP + 8MP,MediaTek Dimensity 8350,5600mAh,6.59 inches,699.0,2025,3229380
Oppo,Reno12 F 4G 256GB,187g,8GB,32MP,50MP + 8MP + 2MP,Snapdragon 685,5000mAh,6.7 inches,449.0,2024,2074380
Oppo,Reno12 F 256GB,187g,8GB,32MP,50MP + 8MP + 2MP,Snapdragon 685,5000mAh,6.7 inches,449.0,2024,2074380
Oppo,Reno12 Pro 512GB,190g,12GB,32MP,50MP + 32MP + 8MP,MediaTek Dimensity 8200,4600mAh,6.74 inches,749.0,2024,3460380
Oppo,Reno12 256GB,185g,8GB,32MP,50MP + 8MP,MediaTek Dimensity 7050,5000mAh,6.7 inches,599.0,2024,2767380
Oppo,Reno11 F 256GB,185g,8GB,32MP,64MP + 8MP + 2MP,MediaTek Dimensity 7050,5000mAh,6.7 inches,499.0,2024,2305380
Oppo,Reno11 Pro 512GB,190g,12GB,32MP,50MP + 32MP + 8MP,MediaTek Dimensity 8200,4600mAh,6.74 inches,699.0,2024,3229380
Oppo,A5 Pro 256GB,180g,8GB,16MP,50MP + 2MP,Dimensity 7300,6000mAh,6.7 inches,599.0,2024,2767380
Oppo,A5 Pro 512GB,186g,12GB,16MP,50MP + 2MP,Dimensity 7300,6000mAh,6.7 inches,699.0,2024,3229380
Oppo,A80 256GB,186g,8GB,8MP,50MP + 2MP,Dimensity 6300,5100mAh,6.67 inches,499.0,2024,2305380
Oppo,A3 4G 128GB,186g,4GB,5MP,50MP,Snapdragon 6s 4G Gen 1,5000mAh,6.7 inches,399.0,2024,1843380
Oppo,A3x 4G 128GB,186g,4GB,8MP,8MP + 2MP,Snapdragon 6s 4G Gen 1,5100mAh,6.67 inches,449.0,2024,2074380
Oppo,A3x 4G 256GB,186g,6GB,8MP,8MP + 2MP,Snapdragon 6s 4G Gen 1,5100mAh,6.67 inches,499.0,2024,2305380
Oppo,A3 128GB,186g,4GB,5MP,50MP,Snapdragon 6s 4G Gen 1,5000mAh,6.7 inches,399.0,2024,1843380
Oppo,A3x 128GB,186g,4GB,8MP,8MP + 2MP,Snapdragon 6s 4G Gen 1,5100mAh,6.67 inches,449.0,2024,2074380
Oppo,A3x 256GB,186g,6GB,8MP,8MP + 2MP,Snapdragon 6s 4G Gen 1,5100mAh,6.67 inches,499.0,2024,2305380
Oppo,A3 128GB,186g,4GB,5MP,50MP,Snapdragon 6s 4G Gen 1,5000mAh,6.7 inches,399.0,2024,1843380
Oppo,A60 128GB,186g,8GB,8MP,50MP + 2MP,Snapdragon 680 4G,5000mAh,6.67 inches,449.0,2024,2074380
Oppo,A60 256GB,186g,8GB,8MP,50MP + 2MP,Snapdragon 680 4G,5000mAh,6.67 inches,499.0,2024,2305380
Oppo,K12 Plus 256GB,192g,8GB,16MP,50MP,Snapdragon 7 Gen 3,6400mAh,6.7 inches,699.0,2024,3229380
Oppo,K12 Plus 512GB,192g,12GB,16MP,50MP,Snapdragon 7 Gen 3,6400mAh,6.7 inches,799.0,2024,3691380
Oppo,F27 128GB,175g,8GB,32MP,64MP + 2MP,Dimensity 7050,5000mAh,6.7 inches,499.0,2024,2305380
Oppo,F27 256GB,175g,8GB,32MP,64MP + 2MP,Dimensity 7050,5000mAh,6.7 inches,549.0,2024,2536380
Oppo,F27 Pro+ 256GB,177g,8GB,32MP,64MP + 2MP,Dimensity 7050,5000mAh,6.7 inches,599.0,2024,2767380
Oppo,F27 Pro+ 512GB,177g,12GB,32MP,64MP + 2MP,Dimensity 7050,5000mAh,6.7 inches,699.0,2024,3229380
Oppo,F25 Pro 128GB,173g,8GB,32MP,64MP + 2MP,Snapdragon 778G,4500mAh,6.55 inches,549.0,2023,2536380
Oppo,F25 Pro 256GB,173g,8GB,32MP,64MP + 2MP,Snapdragon 778G,4500mAh,6.55 inches,599.0,2023,2767380
Oppo,Pad 3 128GB,533g,8GB,8MP,13MP,Dimensity 8350,9510mAh,11.6 inches,699.0,2024,3229380
Oppo,Pad 3 256GB,533g,12GB,8MP,13MP,Dimensity 8350,9510mAh,11.6 inches,799.0,2024,3691380
Oppo,Pad 3 Pro 256GB,586g,12GB,8MP,13MP,Snapdragon 8 Gen 3,9510mAh,12.1 inches,899.0,2024,4153380
Oppo,Pad 3 Pro 512GB,586g,16GB,8MP,13MP,Snapdragon 8 Gen 3,9510mAh,12.1 inches,999.0,2024,4615380
Oppo,Pad Neo 128GB,520g,6GB,8MP,13MP,Snapdragon 870,8360mAh,11 inches,499.0,2023,2305380
Oppo,Pad Neo 256GB,520g,8GB,8MP,13MP,Snapdragon 870,8360mAh,11 inches,599.0,2023,2767380
Oppo,Find X7 Ultra 256GB,221g,12GB,32MP,50MP + 50MP + 50MP,Snapdragon 8 Gen 3,5000mAh,6.82 inches,1199.0,2024,5539380
Oppo,Find X7 Ultra 512GB,221g,16GB,32MP,50MP + 50MP + 50MP,Snapdragon 8 Gen 3,5000mAh,6.82 inches,1299.0,2024,6001380
Oppo,Find X7 256GB,206g,12GB,32MP,50MP + 50MP + 64MP,Dimensity 9300,5000mAh,6.78 inches,1099.0,2024,5077380
Oppo,Find X7 512GB,206g,16GB,32MP,50MP + 50MP + 64MP,Dimensity 9300,5000mAh,6.78 inches,1199.0,2024,5539380
Oppo,Find X6 Pro 256GB,218g,12GB,32MP,50MP + 50MP + 50MP,Snapdragon 8 Gen 2,5000mAh,6.82 inches,999.0,2023,4615380
Oppo,Find X6 Pro 512GB,218g,16GB,32MP,50MP + 50MP + 50MP,Snapdragon 8 Gen 2,5000mAh,6.82 inches,1099.0,2023,5077380
Oppo,Find X6 256GB,207g,12GB,32MP,50MP + 50MP + 50MP,Dimensity 9200,4800mAh,6.74 inches,899.0,2023,4153380
Oppo,Find X6 512GB,207g,16GB,32MP,50MP + 50MP + 50MP,Dimensity 9200,4800mAh,6.74 inches,999.0,2023,4615380
Oppo,Find X5 Pro 256GB,218g,12GB,32MP,50MP + 50MP + 13MP,Snapdragon 8 Gen 1,5000mAh,6.7 inches,899.0,2022,4153380
Oppo,Find X5 Pro 512GB,218g,16GB,32MP,50MP + 50MP + 13MP,Snapdragon 8 Gen 1,5000mAh,6.7 inches,999.0,2022,4615380
Oppo,Find X5 256GB,196g,8GB,32MP,50MP + 50MP + 13MP,Snapdragon 888,4800mAh,6.55 inches,799.0,2022,3691380
Oppo,Find N2 Flip 256GB,191g,8GB,32MP,50MP + 8MP,Dimensity 9000+,4300mAh,6.8 inches,899.0,2023,4153380
Oppo,Find N2 Flip 512GB,191g,12GB,32MP,50MP + 8MP,Dimensity 9000+,4300mAh,6.8 inches,999.0,2023,4615380
Oppo,Find N2 256GB,233g,12GB,32MP,50MP + 48MP + 32MP,Snapdragon 8+ Gen 1,4520mAh,7.1 inches,1099.0,2022,5077380
Oppo,Reno10 5G 128GB,180g,8GB,32MP,64MP + 32MP + 8MP,Dimensity 7050,"5,000mAh",6.7 inches,499.0,2023,2305380
Oppo,Reno10 5G 256GB,180g,8GB,32MP,64MP + 32MP + 8MP,Dimensity 7050,"5,000mAh",6.7 inches,549.0,2023,2536380
Oppo,Reno10 Pro 5G 256GB,186g,12GB,32MP,50MP + 32MP + 8MP,Snapdragon 778G,"4,600mAh",6.7 inches,599.0,2023,2767380
Oppo,Reno10 Pro+ 5G 256GB,194g,16GB,32MP,50MP + 64MP + 8MP,Snapdragon 8+ Gen 1,"4,700mAh",6.74 inches,699.0,2023,3229380
Oppo,Reno9 5G 128GB,174g,8GB,32MP,64MP + 2MP,Snapdragon 778G,"4,500mAh",6.7 inches,449.0,2022,2074380
Oppo,Reno9 5G 256GB,174g,12GB,32MP,64MP + 2MP,Snapdragon 778G,"4,500mAh",6.7 inches,499.0,2022,2305380
Oppo,Reno9 Pro 5G 256GB,184g,16GB,32MP,50MP + 8MP,Dimensity 8100,"4,500mAh",6.7 inches,599.0,2022,2767380
Oppo,Reno9 Pro+ 5G 256GB,192g,16GB,32MP,50MP + 8MP + 2MP,Snapdragon 8+ Gen 1,"4,700mAh",6.7 inches,649.0,2022,2998380
Oppo,Reno8 5G 128GB,179g,8GB,32MP,50MP + 8MP + 2MP,Dimensity 1300,"4,500mAh",6.4 inches,399.0,2022,1843380
Oppo,Reno8 5G 256GB,179g,12GB,32MP,50MP + 8MP + 2MP,Dimensity 1300,"4,500mAh",6.4 inches,449.0,2022,2074380
Oppo,Reno8 Pro 5G 256GB,183g,12GB,32MP,50MP + 8MP + 2MP,Dimensity 8100,"4,500mAh",6.7 inches,549.0,2022,2536380
Oppo,Reno8 Pro+ 5G 256GB,195g,12GB,32MP,50MP + 8MP + 2MP,Dimensity 8100,"4,500mAh",6.7 inches,599.0,2022,2767380
Oppo,Reno7 5G 128GB,173g,8GB,32MP,64MP + 8MP + 2MP,Dimensity 900,"4,500mAh",6.4 inches,349.0,2021,1612380
Oppo,Reno7 5G 256GB,173g,12GB,32MP,64MP + 8MP + 2MP,Dimensity 900,"4,500mAh",6.4 inches,399.0,2021,1843380
Oppo,Reno7 Pro 5G 256GB,180g,12GB,32MP,50MP + 8MP + 2MP,Dimensity 1200,"4,500mAh",6.55 inches,499.0,2021,2305380
Oppo,Reno6 5G 128GB,182g,8GB,32MP,64MP + 8MP + 2MP,Dimensity 900,"4,300mAh",6.43 inches,349.0,2021,1612380
Oppo,Reno6 5G 256GB,182g,12GB,32MP,64MP + 8MP + 2MP,Dimensity 900,"4,300mAh",6.43 inches,399.0,2021,1843380
Oppo,Reno6 Pro 5G 128GB,177g,8GB,32MP,64MP + 8MP + 2MP + 2MP,Dimensity 1200,"4,500mAh",6.55 inches,449.0,2021,2074380
Oppo,Reno6 Pro 5G 256GB,177g,12GB,32MP,64MP + 8MP + 2MP + 2MP,Dimensity 1200,"4,500mAh",6.55 inches,499.0,2021,2305380
Oppo,Reno6 Pro+ 5G 256GB,188g,12GB,32MP,50MP + 13MP + 16MP + 2MP,Snapdragon 870,"4,500mAh",6.55 inches,599.0,2021,2767380
Oppo,Reno5 5G 128GB,180g,8GB,32MP,64MP + 8MP + 2MP + 2MP,Snapdragon 765G,"4,300mAh",6.43 inches,299.0,2020,1381380
Oppo,Reno5 5G 256GB,180g,12GB,32MP,64MP + 8MP + 2MP + 2MP,Snapdragon 765G,"4,300mAh",6.43 inches,349.0,2020,1612380
Oppo,Reno5 Pro 5G 128GB,173g,8GB,32MP,64MP + 8MP + 2MP + 2MP,Dimensity 1000+,"4,350mAh",6.55 inches,399.0,2020,1843380
Oppo,Reno5 Pro 5G 256GB,173g,12GB,32MP,64MP + 8MP + 2MP + 2MP,Dimensity 1000+,"4,350mAh",6.55 inches,449.0,2020,2074380
Oppo,Reno5 Pro+ 5G 256GB,184g,12GB,32MP,50MP + 16MP + 13MP + 2MP,Snapdragon 865,"4,500mAh",6.55 inches,599.0,2020,2767380
Oppo,Reno4 5G 128GB,183g,8GB,32MP,48MP + 8MP + 2MP + 2MP,Snapdragon 765G,"4,000mAh",6.43 inches,299.0,2020,1381380
Oppo,Reno4 5G 256GB,183g,8GB,32MP,48MP + 8MP + 2MP + 2MP,Snapdragon 765G,"4,000mAh",6.43 inches,349.0,2020,1612380
Oppo,Reno4 Pro 5G 256GB,172g,12GB,32MP,48MP + 13MP + 12MP,Snapdragon 765G,"4,000mAh",6.55 inches,499.0,2020,2305380
Oppo,Reno3 5G 128GB,181g,8GB,32MP,64MP + 8MP + 2MP + 2MP,Dimensity 1000L,"4,025mAh",6.4 inches,249.0,2019,1150380
Oppo,Reno3 5G 256GB,181g,12GB,32MP,64MP + 8MP + 2MP + 2MP,Dimensity 1000L,"4,025mAh",6.4 inches,299.0,2019,1381380
Oppo,Reno3 Pro 5G 256GB,171g,12GB,32MP,48MP + 13MP + 8MP + 2MP,Snapdragon 765G,"4,025mAh",6.5 inches,499.0,2019,2305380
Oppo,A59 5G 128GB,186g,6GB,8MP,13MP + 2MP,MediaTek Dimensity 6020,"5,000mAh",6.56 inches,199.0,2023,919380
Oppo,A59 5G 256GB,186g,8GB,8MP,13MP + 2MP,MediaTek Dimensity 6020,"5,000mAh",6.56 inches,229.0,2023,1057980
Oppo,A58 5G 256GB,188g,8GB,8MP,50MP + 2MP,MediaTek Dimensity 700,"5,000mAh",6.56 inches,249.0,2022,1150380
Oppo,A57 5G 128GB,186g,6GB,8MP,13MP + 2MP,MediaTek Dimensity 810,"5,000mAh",6.56 inches,219.0,2022,1011780
Oppo,A56 5G 128GB,189g,6GB,8MP,13MP + 2MP,MediaTek Dimensity 700,"5,000mAh",6.5 inches,199.0,2021,919380
Oppo,A55 5G 128GB,186g,6GB,8MP,13MP + 2MP + 2MP,MediaTek Dimensity 700,"5,000mAh",6.5 inches,189.0,2021,873180
Oppo,A54 5G 128GB,190g,6GB,16MP,48MP + 8MP + 2MP + 2MP,Qualcomm Snapdragon 480,"5,000mAh",6.5 inches,219.0,2021,1011780
Oppo,A53 5G 128GB,175g,4GB,8MP,16MP + 2MP + 2MP,MediaTek Dimensity 720,"4,040mAh",6.5 inches,179.0,2020,826980
Oppo,A52 5G 128GB,184g,4GB,8MP,12MP + 8MP + 2MP + 2MP,MediaTek Dimensity 720,"4,000mAh",6.5 inches,169.0,2020,780780
Oppo,A51 5G 128GB,186g,4GB,8MP,13MP + 2MP + 2MP,MediaTek Dimensity 700,"4,000mAh",6.5 inches,149.0,2020,688380
Oppo,A50 5G 128GB,185g,4GB,8MP,13MP + 2MP,MediaTek Dimensity 700,"4,000mAh",6.5 inches,139.0,2020,642180
Oppo,A49 5G 128GB,185g,4GB,8MP,13MP + 2MP,MediaTek Dimensity 700,"4,000mAh",6.5 inches,129.0,2020,595980
Oppo,A40 128GB,186g,4GB,5MP,50MP,Qualcomm Snapdragon 6s Gen 1,"5,100mAh",6.67 inches,199.0,2024,919380
Oppo,A40 256GB,186g,6GB,5MP,50MP,Qualcomm Snapdragon 6s Gen 1,"5,100mAh",6.67 inches,229.0,2024,1057980
Oppo,K11x 128GB,195g,8GB,16MP,108MP + 2MP,Qualcomm Snapdragon 695,"5,000mAh",6.72 inches,199.0,2023,919380
Oppo,K11x 256GB,195g,12GB,16MP,108MP + 2MP,Qualcomm Snapdragon 695,"5,000mAh",6.72 inches,229.0,2023,1057980
Oppo,K10x 128GB,195g,6GB,16MP,64MP + 2MP + 2MP,Qualcomm Snapdragon 695,"5,000mAh",6.59 inches,199.0,2022,919380
Oppo,K10x 256GB,195g,8GB,16MP,64MP + 2MP + 2MP,Qualcomm Snapdragon 695,"5,000mAh",6.59 inches,229.0,2022,1057980
Oppo,K10 5G 128GB,205g,8GB,16MP,64MP + 8MP + 2MP,MediaTek Dimensity 8000-Max,"5,000mAh",6.59 inches,249.0,2022,1150380
Oppo,K9x 128GB,194g,6GB,16MP,64MP + 2MP + 2MP,MediaTek Dimensity 810,"5,000mAh",6.5 inches,199.0,2021,919380
Oppo,K9x 256GB,194g,8GB,16MP,64MP + 2MP + 2MP,MediaTek Dimensity 810,"5,000mAh",6.5 inches,229.0,2021,1057980
Oppo,K9 Pro 5G 128GB,180g,8GB,16MP,64MP + 8MP + 2MP,MediaTek Dimensity 1200,"4,500mAh",6.43 inches,299.0,2021,1381380
Oppo,K9 Pro 5G 256GB,180g,12GB,16MP,64MP + 8MP + 2MP,MediaTek Dimensity 1200,"4,500mAh",6.43 inches,329.0,2021,1519980
Oppo,K9 5G 128GB,172g,8GB,32MP,64MP + 8MP + 2MP,Qualcomm Snapdragon 768G,"4,300mAh",6.43 inches,279.0,2021,1288980
Oppo,K9 5G 256GB,172g,8GB,32MP,64MP + 8MP + 2MP,Qualcomm Snapdragon 768G,"4,300mAh",6.43 inches,299.0,2021,1381380
Oppo,K7x 128GB,194g,6GB,16MP,48MP + 8MP + 2MP + 2MP,MediaTek Dimensity 720,"5,000mAh",6.5 inches,199.0,2020,919380
Oppo,K7 5G 128GB,180g,8GB,32MP,48MP + 8MP + 2MP + 2MP,Qualcomm Snapdragon 765G,"4,025mAh",6.4 inches,279.0,2020,1288980
Oppo,K7 5G 256GB,180g,8GB,32MP,48MP + 8MP + 2MP + 2MP,Qualcomm Snapdragon 765G,"4,025mAh",6.4 inches,299.0,2020,1381380
Oppo,K11x 128GB,195g,8GB,16MP,108MP + 2MP,Qualcomm Snapdragon 695,"5,000mAh",6.72 inches,199.0,2023,919380
Oppo,K11x 256GB,195g,12GB,16MP,108MP + 2MP,Qualcomm Snapdragon 695,"5,000mAh",6.72 inches,229.0,2023,1057980
Oppo,K11 128GB,184g,8GB,16MP,64MP + 8MP + 2MP,Qualcomm Snapdragon 782G,"5,000mAh",6.7 inches,259.0,2023,1196580
Oppo,K11 256GB,184g,12GB,16MP,64MP + 8MP + 2MP,Qualcomm Snapdragon 782G,"5,000mAh",6.7 inches,299.0,2023,1381380
Oppo,K10x 128GB,195g,6GB,16MP,64MP + 2MP + 2MP,Qualcomm Snapdragon 695,"5,000mAh",6.59 inches,199.0,2022,919380
Oppo,K10x 256GB,195g,8GB,16MP,64MP + 2MP + 2MP,Qualcomm Snapdragon 695,"5,000mAh",6.59 inches,229.0,2022,1057980
Oppo,K10 5G 128GB,205g,8GB,16MP,64MP + 8MP + 2MP,MediaTek Dimensity 8000-Max,"5,000mAh",6.59 inches,249.0,2022,1150380
Oppo,K10 5G 256GB,205g,12GB,16MP,64MP + 8MP + 2MP,MediaTek Dimensity 8000-Max,"5,000mAh",6.59 inches,279.0,2022,1288980
Oppo,K9x 128GB,194g,6GB,16MP,64MP + 2MP + 2MP,MediaTek Dimensity 810,"5,000mAh",6.5 inches,199.0,2021,919380
Oppo,K9x 256GB,194g,8GB,16MP,64MP + 2MP + 2MP,MediaTek Dimensity 810,"5,000mAh",6.5 inches,229.0,2021,1057980
Oppo,K9 Pro 5G 128GB,180g,8GB,16MP,64MP + 8MP + 2MP,MediaTek Dimensity 1200,"4,500mAh",6.43 inches,299.0,2021,1381380
Oppo,K9 Pro 5G 256GB,180g,12GB,16MP,64MP + 8MP + 2MP,MediaTek Dimensity 1200,"4,500mAh",6.43 inches,329.0,2021,1519980
Oppo,K9 5G 128GB,172g,8GB,32MP,64MP + 8MP + 2MP,Qualcomm Snapdragon 768G,"4,300mAh",6.43 inches,279.0,2021,1288980
Oppo,K9 5G 256GB,172g,8GB,32MP,64MP + 8MP + 2MP,Qualcomm Snapdragon 768G,"4,300mAh",6.43 inches,299.0,2021,1381380
Oppo,K7x 128GB,194g,6GB,16MP,48MP + 8MP + 2MP + 2MP,MediaTek Dimensity 720,"5,000mAh",6.5 inches,199.0,2020,919380
Oppo,K7 5G 128GB,180g,8GB,32MP,48MP + 8MP + 2MP + 2MP,Qualcomm Snapdragon 765G,"4,025mAh",6.4 inches,279.0,2020,1288980
Realme,GT 7 Pro 128GB,222.8g,12GB,16MP,50MP + 50MP + 8MP,Qualcomm Snapdragon 8 Elite,"6,500mAh",6.78 inches,470.0,2024,2171400
Realme,GT 7 Pro 256GB,222.8g,16GB,16MP,50MP + 50MP + 8MP,Qualcomm Snapdragon 8 Elite,"6,500mAh",6.78 inches,500.0,2024,2310000
Realme,GT 6 128GB,191g,8GB,32MP,50MP + 8MP + 50MP,Qualcomm Snapdragon 8s Gen 3,"5,500mAh",6.78 inches,380.0,2023,1755600
Realme,GT 6 256GB,191g,12GB,32MP,50MP + 8MP + 50MP,Qualcomm Snapdragon 8s Gen 3,"5,500mAh",6.78 inches,400.0,2023,1848000
Realme,GT 6 512GB,191g,16GB,32MP,50MP + 8MP + 50MP,Qualcomm Snapdragon 8s Gen 3,"5,500mAh",6.78 inches,420.0,2023,1940400
Realme,GT 6T 128GB,191g,8GB,32MP,50MP + 8MP,Qualcomm Snapdragon 7 Plus Gen 3,"5,500mAh",6.78 inches,360.0,2023,1663200
Realme,GT 6T 256GB,191g,8GB,32MP,50MP + 8MP,Qualcomm Snapdragon 7 Plus Gen 3,"5,500mAh",6.78 inches,380.0,2023,1755600
Realme,14 Pro+ 5G 256GB,184g,12GB,16MP,50MP + 8MP + 50MP,Qualcomm Snapdragon 7s Gen 3,"6,000mAh",6.83 inches,340.0,2025,1570800
Realme,14 Pro+ 5G 512GB,184g,12GB,16MP,50MP + 8MP + 50MP,Qualcomm Snapdragon 7s Gen 3,"6,000mAh",6.83 inches,360.0,2025,1663200
Realme,14 Pro 5G 128GB,184g,8GB,16MP,50MP + 8MP,MediaTek Dimensity 7300 Energy,"5,800mAh",6.7 inches,320.0,2025,1478400
Realme,14 Pro 5G 256GB,184g,8GB,16MP,50MP + 8MP,MediaTek Dimensity 7300 Energy,"5,800mAh",6.7 inches,340.0,2025,1570800
Realme,14x 5G 128GB,190g,6GB,16MP,48MP + 2MP + 2MP,Qualcomm Snapdragon 7s Gen 2,"5,500mAh",6.6 inches,270.0,2025,1247400
Realme,14x 5G 256GB,190g,8GB,16MP,48MP + 2MP + 2MP,Qualcomm Snapdragon 7s Gen 2,"5,500mAh",6.6 inches,290.0,2025,1339800
Realme,13+ 5G 128GB,185g,8GB,16MP,50MP + 2MP,MediaTek Dimensity 7200,"5,000mAh",6.5 inches,250.0,2024,1155000
Realme,13+ 5G 256GB,185g,8GB,16MP,50MP + 2MP,MediaTek Dimensity 7200,"5,000mAh",6.5 inches,270.0,2024,1247400
Realme,13 5G 128GB,190g,6GB,16MP,50MP + 2MP,MediaTek Dimensity 6100+,"5,000mAh",6.6 inches,220.0,2024,1016400
Realme,13 5G 256GB,190g,8GB,16MP,50MP + 2MP,MediaTek Dimensity 6100+,"5,000mAh",6.6 inches,240.0,2024,1108800
Realme,13 Pro 5G 128GB,192g,8GB,16MP,50MP + 8MP + 2MP,Qualcomm Snapdragon 7s Gen 2,"5,200mAh",6.7 inches,300.0,2024,1386000
Realme,13 Pro 5G 256GB,192g,12GB,16MP,50MP + 8MP + 2MP,Qualcomm Snapdragon 7s Gen 2,"5,200mAh",6.7 inches,320.0,2024,1478400
Realme,13 Pro+ 5G 256GB,195g,12GB,32MP,50MP + 8MP + 50MP,Qualcomm Snapdragon 7+ Gen 2,"5,500mAh",6.78 inches,360.0,2024,1663200
Realme,13 Pro+ 5G 512GB,195g,16GB,32MP,50MP + 8MP + 50MP,Qualcomm Snapdragon 7+ Gen 2,"5,500mAh",6.78 inches,380.0,2024,1755600
Realme,P1 Speed 5G 128GB,185g,8GB,16MP,64MP + 2MP,MediaTek Dimensity 8100,"5,100mAh",6.7 inches,250.0,2024,1155000
Realme,P1 Speed 5G 256GB,185g,12GB,16MP,64MP + 2MP,MediaTek Dimensity 8100,"5,100mAh",6.7 inches,270.0,2024,1247400
Realme,P2 Pro 5G 256GB,188g,12GB,32MP,50MP + 8MP + 50MP,Qualcomm Snapdragon 7+ Gen 3,"5,500mAh",6.78 inches,340.0,2024,1570800
Realme,P2 Pro 5G 512GB,188g,16GB,32MP,50MP + 8MP + 50MP,Qualcomm Snapdragon 7+ Gen 3,"5,500mAh",6.78 inches,360.0,2024,1663200
Realme,P1 5G 128GB,184g,6GB,16MP,50MP + 2MP,MediaTek Dimensity 6100+,"5,000mAh",6.6 inches,200.0,2024,924000
Realme,P1 5G 256GB,184g,8GB,16MP,50MP + 2MP,MediaTek Dimensity 6100+,"5,000mAh",6.6 inches,220.0,2024,1016400
Realme,P1 Pro 5G 128GB,190g,8GB,16MP,64MP + 2MP,Qualcomm Snapdragon 7s Gen 1,"5,200mAh",6.7 inches,270.0,2024,1247400
Realme,P1 Pro 5G 256GB,190g,12GB,16MP,64MP + 2MP,Qualcomm Snapdragon 7s Gen 1,"5,200mAh",6.7 inches,290.0,2024,1339800
Realme,Narzo 70 Turbo 5G 128GB,200g,8GB,16MP,50MP + 2MP,MediaTek Dimensity 810,"5,000mAh",6.6 inches,240.0,2024,1108800
Realme,Narzo 70 Turbo 5G 256GB,200g,8GB,16MP,50MP + 2MP,MediaTek Dimensity 810,"5,000mAh",6.6 inches,260.0,2024,1201200
Realme,Narzo N61 128GB,195g,6GB,16MP,50MP + 2MP,MediaTek Helio G99,"5,000mAh",6.5 inches,180.0,2024,831600
Realme,Narzo N63 128GB,193g,6GB,16MP,50MP + 2MP,MediaTek Helio G88,"5,000mAh",6.5 inches,160.0,2024,739200
Realme,Narzo N65 5G 128GB,198g,8GB,16MP,50MP + 2MP,MediaTek Dimensity 700,"5,000mAh",6.6 inches,210.0,2024,970200
Realme,Narzo 70 5G 128GB,198g,8GB,16MP,50MP + 2MP,MediaTek Dimensity 810,"5,200mAh",6.6 inches,230.0,2024,1062600
Realme,C75 128GB,190g,6GB,8MP,50MP + 2MP,MediaTek Helio G85,"5,000mAh",6.6 inches,160.0,2024,739200
Realme,C75 256GB,190g,8GB,8MP,50MP + 2MP,MediaTek Helio G85,"5,000mAh",6.6 inches,180.0,2024,831600
Realme,C61 128GB,189g,4GB,8MP,50MP + 2MP,Unisoc T612,"5,000mAh",6.5 inches,130.0,2024,600600
Realme,C67 128GB,195g,6GB,8MP,50MP + 2MP,MediaTek Helio G88,"5,000mAh",6.6 inches,170.0,2024,785400
Realme,C67 256GB,195g,8GB,8MP,50MP + 2MP,MediaTek Helio G88,"5,000mAh",6.6 inches,190.0,2024,877800
Realme,C65 128GB,192g,6GB,8MP,50MP + 2MP,Qualcomm Snapdragon 680,"5,000mAh",6.6 inches,160.0,2024,739200
Realme,C65 256GB,192g,8GB,8MP,50MP + 2MP,Qualcomm Snapdragon 680,"5,000mAh",6.6 inches,180.0,2024,831600
Realme,C63 128GB,191g,6GB,8MP,50MP + 2MP,MediaTek Helio G85,"5,000mAh",6.6 inches,150.0,2024,693000
Realme,C55 128GB,189g,6GB,8MP,64MP + 2MP,MediaTek Helio G88,"5,000mAh",6.72 inches,170.0,2023,785400
Realme,C55 256GB,189g,8GB,8MP,64MP + 2MP,MediaTek Helio G88,"5,000mAh",6.72 inches,190.0,2023,877800
Realme,Note 60x 128GB,198g,6GB,16MP,50MP + 2MP,MediaTek Dimensity 6100+,"5,200mAh",6.6 inches,210.0,2024,970200
Realme,Note 60 128GB,196g,6GB,16MP,50MP + 2MP,MediaTek Dimensity 810,"5,200mAh",6.6 inches,220.0,2024,1016400
Realme,Note 60 256GB,196g,8GB,16MP,50MP + 2MP,MediaTek Dimensity 810,"5,200mAh",6.6 inches,240.0,2024,1108800
Realme,Note 50 128GB,195g,6GB,16MP,50MP + 2MP,MediaTek Helio G99,"5,000mAh",6.5 inches,170.0,2024,785400
Realme,GT 7 128GB,199g,8GB,16MP,50MP + 8MP + 2MP,Qualcomm Snapdragon 8 Gen 2,"5,200mAh",6.8 inches,440.0,2024,2032800
Realme,GT 7 256GB,199g,12GB,16MP,50MP + 8MP + 2MP,Qualcomm Snapdragon 8 Gen 2,"5,200mAh",6.8 inches,500.0,2024,2310000
Realme,Neo 7 128GB,193g,8GB,16MP,64MP + 8MP + 2MP,MediaTek Dimensity 8200,"5,000mAh",6.7 inches,330.0,2024,1524600
Realme,Neo 7 256GB,193g,12GB,16MP,64MP + 8MP + 2MP,MediaTek Dimensity 8200,"5,000mAh",6.7 inches,380.0,2024,1755600
Realme,P2 Pro 5G 128GB,195g,8GB,16MP,50MP + 8MP,MediaTek Dimensity 9200,"5,100mAh",6.7 inches,350.0,2024,1617000
Realme,P2 Pro 5G 256GB,195g,12GB,16MP,50MP + 8MP,MediaTek Dimensity 9200,"5,100mAh",6.7 inches,400.0,2024,1848000
Realme,Pad 64GB,440g,4GB,8MP,8MP,MediaTek Helio G80,"7,100mAh",10.4 inches,200.0,2021,924000
Realme,Pad 128GB,440g,6GB,8MP,8MP,MediaTek Helio G80,"7,100mAh",10.4 inches,230.0,2021,1062600
Realme,Pad 2 128GB,482g,6GB,8MP,8MP,MediaTek Helio G99,"8,360mAh",11.5 inches,280.0,2023,1293600
Realme,Pad 2 256GB,482g,8GB,8MP,8MP,MediaTek Helio G99,"8,360mAh",11.5 inches,320.0,2023,1478400
Realme,Pad 2 Lite 64GB,466g,4GB,8MP,8MP,MediaTek Helio G85,"7,100mAh",10.4 inches,190.0,2023,877800
Realme,Pad 2 Lite 128GB,466g,6GB,8MP,8MP,MediaTek Helio G85,"7,100mAh",10.4 inches,210.0,2023,970200
Realme,Pad X 64GB,499g,4GB,8MP,13MP,Qualcomm Snapdragon 695,"8,340mAh",11 inches,310.0,2022,1432200
Realme,Pad X 128GB,499g,6GB,8MP,13MP,Qualcomm Snapdragon 695,"8,340mAh",11 inches,350.0,2022,1617000
Realme,Pad Mini 32GB,372g,3GB,5MP,8MP,Unisoc T616,"6,400mAh",8.7 inches,160.0,2022,739200
Realme,Pad Mini 64GB,372g,4GB,5MP,8MP,Unisoc T616,"6,400mAh",8.7 inches,180.0,2022,831600
Realme,Pad Slim 64GB,440g,4GB,8MP,8MP,MediaTek Helio G80,"7,100mAh",10.4 inches,200.0,2022,924000
Realme,Pad Slim 128GB,440g,6GB,8MP,8MP,MediaTek Helio G80,"7,100mAh",10.4 inches,220.0,2022,1016400
Realme,TechLife Pad Neo 64GB,465g,4GB,8MP,8MP,MediaTek Helio G85,"7,200mAh",10.5 inches,210.0,2024,970200
Realme,TechLife Pad Neo 128GB,465g,6GB,8MP,8MP,MediaTek Helio G85,"7,200mAh",10.5 inches,230.0,2024,1062600
Xiaomi,Xiaomi 15 Pro 256GB,210g,12GB,32MP,50MP (Main) + 50MP (Ultra-wide) + 50MP (Telephoto),Snapdragon 8 Elite,"6,100mAh",6.73 inches,799.0,2024,3691380
Xiaomi,Xiaomi 15 Pro 512GB,210g,16GB,32MP,50MP (Main) + 50MP (Ultra-wide) + 50MP (Telephoto),Snapdragon 8 Elite,"6,100mAh",6.73 inches,899.0,2024,4153380
Xiaomi,Xiaomi 15 Pro 1TB,210g,16GB,32MP,50MP (Main) + 50MP (Ultra-wide) + 50MP (Telephoto),Snapdragon 8 Elite,"6,100mAh",6.73 inches,999.0,2024,4615380
Xiaomi,Xiaomi 15 256GB,190g,12GB,32MP,50MP (Main) + 50MP (Ultra-wide),Snapdragon 8 Elite,"5,400mAh",6.36 inches,699.0,2024,3229380
Xiaomi,Xiaomi 15 512GB,190g,16GB,32MP,50MP (Main) + 50MP (Ultra-wide),Snapdragon 8 Elite,"5,400mAh",6.36 inches,799.0,2024,3691380
Xiaomi,Xiaomi 14T Pro 256GB,209g,12GB,32MP,50MP (Main) + 50MP (Ultra-wide) + 50MP (Telephoto),Dimensity 9300+,"5,000mAh",6.67 inches,634.99,2024,2933654
Xiaomi,Xiaomi 14T Pro 512GB,209g,12GB,32MP,50MP (Main) + 50MP (Ultra-wide) + 50MP (Telephoto),Dimensity 9300+,"5,000mAh",6.67 inches,790.77,2024,3653357
Xiaomi,Xiaomi 14T Pro 1TB,209g,12GB,32MP,50MP (Main) + 50MP (Ultra-wide) + 50MP (Telephoto),Dimensity 9300+,"5,000mAh",6.67 inches,899.0,2024,4153380
Xiaomi,Xiaomi 14T 256GB,195g,12GB,32MP,50MP (Main) + 50MP (Ultra-wide),Dimensity 8300-Ultra,"5,000mAh",6.67 inches,599.0,2024,2767380
Xiaomi,Xiaomi 14T 512GB,195g,12GB,32MP,50MP (Main) + 50MP (Ultra-wide),Dimensity 8300-Ultra,"5,000mAh",6.67 inches,699.0,2024,3229380
Xiaomi,Xiaomi 14 Pro 256GB,206g,12GB,32MP,50MP (Main) + 50MP (Ultra-wide) + 50MP (Telephoto),Snapdragon 8 Gen 3,"5,000mAh",6.73 inches,799.0,2023,3691380
Xiaomi,Xiaomi 14 Pro 512GB,206g,12GB,32MP,50MP (Main) + 50MP (Ultra-wide) + 50MP (Telephoto),Snapdragon 8 Gen 3,"5,000mAh",6.73 inches,899.0,2023,4153380
Xiaomi,Xiaomi 14 256GB,189g,12GB,32MP,50MP (Main) + 50MP (Ultra-wide),Snapdragon 8 Gen 3,"4,610mAh",6.36 inches,699.0,2023,3229380
Xiaomi,Xiaomi 14 512GB,189g,12GB,32MP,50MP (Main) + 50MP (Ultra-wide),Snapdragon 8 Gen 3,"4,610mAh",6.36 inches,799.0,2023,3691380
Xiaomi,Redmi Note 14 Pro+ 5G 128GB,205g,8GB,16MP,200MP (Main) + 8MP (Ultra-wide) + 2MP (Macro),Snapdragon 7s Gen 3,"5,110mAh",6.67 inches,374.9,2024,1732038
Xiaomi,Redmi Note 14 Pro+ 5G 256GB,205g,12GB,16MP,200MP (Main) + 8MP (Ultra-wide) + 2MP (Macro),Snapdragon 7s Gen 3,"5,110mAh",6.67 inches,399.0,2024,1843380
Xiaomi,Redmi Note 14 Pro+ 5G 512GB,205g,16GB,16MP,200MP (Main) + 8MP (Ultra-wide) + 2MP (Macro),Snapdragon 7s Gen 3,"5,110mAh",6.67 inches,429.0,2024,1981980
Xiaomi,Redmi Note 14 Pro 5G 128GB,195g,8GB,16MP,108MP (Main) + 8MP (Ultra-wide) + 2MP (Macro),MediaTek Dimensity 7300-Ultra,"5,500mAh",6.67 inches,349.0,2024,1612380
Xiaomi,Redmi Note 14 Pro 5G 256GB,195g,12GB,16MP,108MP (Main) + 8MP (Ultra-wide) + 2MP (Macro),MediaTek Dimensity 7300-Ultra,"5,500mAh",6.67 inches,379.0,2024,1750980
Xiaomi,Redmi Note 14 Pro 4G 128GB,190g,6GB,16MP,108MP (Main) + 8MP (Ultra-wide) + 2MP (Macro),Qualcomm Snapdragon 732G,"5,000mAh",6.67 inches,299.0,2024,1381380
Xiaomi,Redmi Note 14 Pro 4G 256GB,190g,8GB,16MP,108MP (Main) + 8MP (Ultra-wide) + 2MP (Macro),Qualcomm Snapdragon 732G,"5,000mAh",6.67 inches,329.0,2024,1519980
Xiaomi,Redmi Note 14 5G 128GB,185g,6GB,16MP,50MP (Main) + 8MP (Ultra-wide) + 2MP (Macro),MediaTek Dimensity 7025-Ultra,"5,000mAh",6.67 inches,279.0,2024,1288980
Xiaomi,Redmi Note 14 5G 256GB,185g,8GB,16MP,50MP (Main) + 8MP (Ultra-wide) + 2MP (Macro),MediaTek Dimensity 7025-Ultra,"5,000mAh",6.67 inches,309.0,2024,1427580
Xiaomi,Redmi Note 14 4G 128GB,180g,4GB,16MP,50MP (Main) + 8MP (Ultra-wide) + 2MP (Macro),Qualcomm Snapdragon 680,"5,000mAh",6.67 inches,249.0,2024,1150380
Xiaomi,Redmi Note 14 4G 256GB,180g,6GB,16MP,50MP (Main) + 8MP (Ultra-wide) + 2MP (Macro),Qualcomm Snapdragon 680,"5,000mAh",6.67 inches,279.0,2024,1288980
Xiaomi,Redmi 14C 5G 64GB,195g,4GB,8MP,50MP (Main) + 2MP (Depth),MediaTek Dimensity 700,"5,000mAh",6.5 inches,199.0,2024,919380
Xiaomi,Redmi 14C 5G 128GB,195g,6GB,8MP,50MP (Main) + 2MP (Depth),MediaTek Dimensity 700,"5,000mAh",6.5 inches,229.0,2024,1057980
Lenovo,Legion Y70 128GB,209g,8GB,16MP,50MP,Snapdragon 8+ Gen 1,"5,100mAh",6.67 inches,499.0,2022,2305380
Lenovo,Legion Y70 256GB,209g,12GB,16MP,50MP,Snapdragon 8+ Gen 1,"5,100mAh",6.67 inches,549.0,2022,2536380
Lenovo,Legion Y70 512GB,209g,16GB,16MP,50MP,Snapdragon 8+ Gen 1,"5,100mAh",6.67 inches,599.0,2022,2767380
Lenovo,K14 Plus 64GB,198g,4GB,8MP,48MP,Unisoc T700,"5,000mAh",6.5 inches,199.0,2022,919380
Lenovo,K14 Plus 128GB,198g,6GB,8MP,48MP,Unisoc T700,"5,000mAh",6.5 inches,229.0,2022,1057980
Lenovo,K13 Pro 128GB,200g,6GB,16MP,64MP,Snapdragon 662,"5,000mAh",6.8 inches,249.0,2021,1150380
Lenovo,K13 32GB,190g,2GB,5MP,13MP,Unisoc SC9863A,"5,000mAh",6.52 inches,149.0,2021,688380
Lenovo,K13 Note 64GB,200g,4GB,8MP,48MP,Snapdragon 460,"5,000mAh",6.5 inches,199.0,2021,919380
Lenovo,K10 Plus 64GB,172g,4GB,16MP,13MP,Snapdragon 632,"4,050mAh",6.22 inches,179.0,2019,826980
Lenovo,A6 Note 32GB,172g,3GB,5MP,13MP,Helio P22,"4,000mAh",6.09 inches,149.0,2019,688380
Lenovo,K10 Note 64GB,164g,4GB,16MP,16MP,Snapdragon 710,"4,050mAh",6.3 inches,219.0,2019,1011780
Lenovo,K10 Note 128GB,164g,6GB,16MP,16MP,Snapdragon 710,"4,050mAh",6.3 inches,249.0,2019,1150380
Lenovo,Z6 Pro 128GB,185g,6GB,32MP,48MP,Snapdragon 855,"4,000mAh",6.39 inches,429.0,2019,1981980
Lenovo,Z6 Pro 256GB,185g,8GB,32MP,48MP,Snapdragon 855,"4,000mAh",6.39 inches,479.0,2019,2212980
Lenovo,Z5 Pro 64GB,210g,6GB,16MP,16MP,Snapdragon 710,"3,350mAh",6.39 inches,299.0,2018,1381380
Huawei,P50,181g,8GB,13MP,50MP,Snapdragon 888 4G,"4,100mAh",6.5 inches,699.0,2021,3229380
Huawei,P50 Pro,195g,8GB,13MP,50MP,Snapdragon 888 4G,"4,360mAh",6.6 inches,899.0,2021,4153380
Huawei,P50 Pocket,190g,8GB,10.7MP,40MP,Snapdragon 888 4G,"4,000mAh",6.9 inches (unfolded),1299.0,2021,6001380
Huawei,Mate 40E,188g,8GB,13MP,64MP,Kirin 990E 5G,"4,200mAh",6.5 inches,799.0,2021,3691380
Huawei,Mate X2,295g,8GB,16MP,50MP,Kirin 9000 5G,"4,500mAh",8.0 inches (unfolded),2699.0,2021,12469380
Huawei,Nova 9,175g,8GB,32MP,50MP,Snapdragon 778G 4G,"4,300mAh",6.57 inches,499.0,2021,2305380
Huawei,Nova 9 Pro,186g,8GB,Dual 32MP,50MP,Snapdragon 778G 4G,"4,000mAh",6.72 inches,599.0,2021,2767380
Huawei,P50E,181g,8GB,13MP,50MP,Snapdragon 778G 4G,"4,100mAh",6.5 inches,649.0,2022,2998380
Huawei,Mate Xs 2,255g,8GB,10.7MP,50MP,Snapdragon 888 4G,"4,600mAh",7.8 inches (unfolded),2499.0,2022,11545380
Huawei,Mate 50,202g,8GB,13MP,50MP,Snapdragon 8+ Gen 1 4G,"4,460mAh",6.7 inches,999.0,2022,4615380
Huawei,Mate 50 Pro,205g,8GB,13MP,50MP,Snapdragon 8+ Gen 1 4G,"4,700mAh",6.74 inches,1199.0,2022,5539380
Huawei,Nova 10,168g,8GB,60MP,50MP,Snapdragon 778G 4G,"4,000mAh",6.67 inches,499.0,2022,2305380
Huawei,Nova 10 Pro,191g,8GB,Dual 60MP,50MP,Snapdragon 778G 4G,"4,500mAh",6.78 inches,599.0,2022,2767380
Huawei,Nova 10 SE,184g,8GB,16MP,108MP,Snapdragon 680 4G,"4,500mAh",6.67 inches,399.0,2022,1843380
Huawei,P60,197g,8GB,13MP,48MP (wide) + 13MP (ultrawide) + 48MP (telephoto),Snapdragon 8+ Gen 1 4G,"4,815mAh",6.67 inches,999.0,2023,4615380
Huawei,P60 Pro,200g,8GB / 12GB,13MP,48MP (wide) + 13MP (ultrawide) + 48MP (telephoto),Snapdragon 8+ Gen 1 4G,"4,815mAh",6.67 inches,1099.0,2023,5077380
Huawei,P60 Art,206g,8GB / 12GB,13MP,48MP (wide) + 40MP (ultrawide) + 48MP (telephoto),Snapdragon 8+ Gen 1 4G,"5,100mAh",6.73 inches,1299.0,2023,6001380
Huawei,Mate X3,239g,12GB,8MP,50MP (wide) + 13MP (ultrawide) + 12MP (periscope telephoto),Snapdragon 8+ Gen 1 4G,"4,800mAh",7.85 inches (unfolded),2499.0,2023,11545380
Huawei,Mate 60,209g,12GB,13MP,50MP (wide) + 12MP (ultrawide) + 12MP (telephoto),Kirin 9000S,"4,750mAh",6.7 inches,1099.0,2023,5077380
Huawei,Mate 60 Pro,225g,12GB,13MP,50MP (wide) + 40MP (ultrawide) + 48MP (telephoto),Kirin 9000S,"5,000mAh",6.82 inches,1299.0,2023,6001380
Huawei,Mate 60 Pro+,235g,12GB,13MP,50MP (wide) + 48MP (ultrawide) + 48MP (telephoto),Kirin 9000S,"5,200mAh",6.82 inches,1499.0,2023,6925380
Huawei,Nova 11,168g,8GB,60MP,50MP (wide) + 8MP (ultrawide),Snapdragon 778G 4G,"4,500mAh",6.7 inches,499.0,2023,2305380
Huawei,Nova 11 Pro,188g,8GB,60MP (ultrawide) + 8MP (telephoto),50MP (wide) + 8MP (ultrawide),Snapdragon 778G 4G,"4,500mAh",6.78 inches,599.0,2023,2767380
Huawei,Nova 11 Ultra,188g,12GB,60MP (ultrawide) + 8MP (telephoto),50MP (wide) + 8MP (ultrawide),Snapdragon 778G 4G,"4,500mAh",6.78 inches,699.0,2023,3229380
Huawei,Pura 70,220g,12GB,13MP,50MP + 13MP + 12MP,Kirin 9010,"4,900mAh",6.8 inches,999.0,2024,4615380
Huawei,Pura 70 Pro,220g,12GB,13MP,50MP + 12.5MP + 48MP,Kirin 9010,"5,050mAh",6.8 inches,1099.0,2024,5077380
Huawei,Pura 70 Pro+,220g,12GB,13MP,50MP + 12.5MP + 48MP,Kirin 9010,"5,050mAh",6.8 inches,1199.0,2024,5539380
Huawei,Pura 70 Ultra,226g,16GB,13MP,50MP + 40MP + 50MP,Kirin 9010,"5,200mAh",6.8 inches,1299.0,2024,6001380
Huawei,Mate 70,220g,12GB,13MP,50MP + 12MP,Kirin 9010,"4,900mAh",6.7 inches,899.0,2024,4153380
Huawei,Mate 70 Pro,220g,12GB,13MP,50MP + 12MP + 40MP,Kirin 9010,"5,000mAh",6.8 inches,999.0,2024,4615380
Huawei,Mate 70 Pro+,220g,12GB,13MP,50MP + 12MP + 40MP,Kirin 9010,"5,000mAh",6.8 inches,1099.0,2024,5077380
Huawei,Mate X6,241g,12GB,8MP,50MP + 13MP + 12MP,Kirin 9010,"4,800mAh",7.93 inches,2499.0,2024,11545380
Huawei,Nova 12,168g,8GB,60MP,50MP + 8MP,Kirin 9000S,"4,500mAh",6.7 inches,499.0,2024,2305380
Huawei,Nova 12 Pro,188g,8GB,60MP + 8MP,50MP + 8MP,Kirin 9000S,"4,500mAh",6.78 inches,599.0,2024,2767380
Huawei,Mate XT 256GB,245g,12GB,13MP,50MP + 12MP + 48MP,Kirin 9010,"5,000mAh",7.92 inches,2599.0,2024,12007380
Huawei,Mate XT 512GB,245g,12GB,13MP,50MP + 12MP + 48MP,Kirin 9010,"5,000mAh",7.92 inches,2799.0,2024,12931380
Huawei,Nova 13 256GB,170g,8GB,50MP,50MP + 8MP,Kirin 9000S,"4,600mAh",6.7 inches,529.0,2024,2443980
Huawei,Nova 13 512GB,170g,8GB,50MP,50MP + 8MP,Kirin 9000S,"4,600mAh",6.7 inches,599.0,2024,2767380
Huawei,Nova 13 Pro 256GB,190g,8GB,60MP + 8MP,50MP + 8MP,Kirin 9000S,"4,600mAh",6.78 inches,649.0,2024,2998380
Huawei,Nova 13 Pro 512GB,190g,8GB,60MP + 8MP,50MP + 8MP,Kirin 9000S,"4,600mAh",6.78 inches,729.0,2024,3367980
Nokia,G42 5G 128GB,193g,4GB,8MP,50MP,Snapdragon 480+,"5,000mAh",6.56 inches,229.0,2023,1057980
Nokia,G20 64GB,197g,4GB,8MP,48MP,MediaTek G35,"5,050mAh",6.52 inches,169.0,2021,780780
Nokia,G20 128GB,197g,4GB,8MP,48MP,MediaTek G35,"5,050mAh",6.52 inches,189.0,2021,873180
Nokia,C32 64GB,199g,3GB,8MP,50MP,Unisoc SC9863A,"5,000mAh",6.52 inches,139.0,2023,642180
Nokia,C32 128GB,199g,4GB,8MP,50MP,Unisoc SC9863A,"5,000mAh",6.52 inches,159.0,2023,734580
Nokia,G21 64GB,190g,4GB,8MP,50MP,Unisoc T606,"5,050mAh",6.5 inches,169.0,2022,780780
Nokia,G21 128GB,190g,6GB,8MP,50MP,Unisoc T606,"5,050mAh",6.5 inches,189.0,2022,873180
Nokia,C22 64GB,190g,2GB,8MP,13MP,Unisoc SC9863A,"5,000mAh",6.5 inches,119.0,2023,549780
Nokia,C22 128GB,190g,3GB,8MP,13MP,Unisoc SC9863A,"5,000mAh",6.5 inches,139.0,2023,642180
Nokia,G400 128GB,198g,6GB,16MP,48MP,Snapdragon 480,"5,000mAh",6.58 inches,239.0,2022,1104180
Sony,Xperia 1 IV 256GB,185g,12GB,12MP,12MP,Snapdragon 8 Gen 1,"5,000mAh",6.5 inches,1599.0,2022,7387380
Sony,Xperia 5 IV 128GB,172g,8GB,12MP,12MP,Snapdragon 8 Gen 1,"5,000mAh",6.1 inches,999.0,2022,4615380
Sony,Xperia 10 IV 128GB,161g,6GB,8MP,12MP,Snapdragon 695,"5,000mAh",6.0 inches,499.0,2022,2305380
Sony,Xperia 1 V 256GB,187g,12GB,12MP,48MP,Snapdragon 8 Gen 2,"5,000mAh",6.5 inches,1699.0,2023,7849380
Sony,Xperia 5 V 128GB,178g,8GB,12MP,48MP,Snapdragon 8 Gen 2,"5,000mAh",6.1 inches,1099.0,2023,5077380
Sony,Xperia 10 V 128GB,164g,6GB,8MP,48MP,Snapdragon 695,"5,000mAh",6.1 inches,599.0,2023,2767380
Sony,Xperia 1 VI 256GB,190g,12GB,12MP,48MP,Snapdragon 8 Gen 3,"5,000mAh",6.5 inches,1799.0,2024,8311380
Sony,Xperia 5 VI 128GB,180g,8GB,12MP,48MP,Snapdragon 8 Gen 3,"5,000mAh",6.1 inches,1199.0,2024,5539380
Sony,Xperia 10 VI 128GB,167g,6GB,8MP,48MP,Snapdragon 7 Gen 1,"5,000mAh",6.1 inches,699.0,2024,3229380
Nokia,T21,466g,4GB,8MP,8MP,Unisoc T612,8200mAh,10.4 inches,39622.0,2022,183053640
Huawei,MatePad Pro 12.2 512GB,508g,12GB,16MP,"13MP (f/1.8, AF)",Kirin 9000S,"10,100mAh",12.2 inches,999.0,2024,4615380
Huawei,MatePad Pro 13.2 512GB,580g,12GB,16MP,"13MP (f/1.8, AF)",Kirin 9000S,"10,100mAh",13.2 inches,877.0,2024,4051740
Google,Pixel 3a 64GB,147g,4GB,8MP,12.2MP,Snapdragon 670,"3,000mAh",5.6 inches,399.0,2019,1843380
Google,Pixel 3a XL 64GB,167g,4GB,8MP,12.2MP,Snapdragon 670,"3,700mAh",6.0 inches,479.0,2019,2212980
Google,Pixel 4 64GB,162g,6GB,8MP,12.2MP,Snapdragon 855,"2,800mAh",5.7 inches,799.0,2019,3691380
Google,Pixel 4 XL 64GB,193g,6GB,8MP,12.2MP,Snapdragon 855,"3,700mAh",6.3 inches,899.0,2019,4153380
Google,Pixel 4a 128GB,143g,6GB,8MP,12.2MP,Snapdragon 730G,"3,140mAh",5.8 inches,349.0,2020,1612380
Google,Pixel 4a 5G 128GB,168g,6GB,8MP,12.2MP,Snapdragon 765G,"3,885mAh",6.2 inches,499.0,2020,2305380
Google,Pixel 5 128GB,151g,8GB,8MP,12.2MP,Snapdragon 765G,"4,080mAh",6.0 inches,699.0,2020,3229380
Google,Pixel 5a 128GB,183g,6GB,8MP,12.2MP,Snapdragon 765G,"4,680mAh",6.34 inches,449.0,2021,2074380
Google,Pixel 6 128GB,207g,8GB,8MP,50MP,Google Tensor,"4,614mAh",6.4 inches,699.0,2021,3229380
Google,Pixel 6 Pro 256GB,210g,12GB,11.1MP,50MP,Google Tensor,"5,003mAh",6.71 inches,899.0,2021,4153380
Google,Pixel 6a 128GB,178g,6GB,8MP,12.2MP,Google Tensor,"4,410mAh",6.1 inches,449.0,2022,2074380
Google,Pixel 7 128GB,197g,8GB,10.8MP,50MP,Google Tensor G2,"4,355mAh",6.3 inches,599.0,2022,2767380
Google,Pixel 7 Pro 256GB,212g,12GB,10.8MP,50MP,Google Tensor G2,"5,000mAh",6.7 inches,899.0,2022,4153380
Google,Pixel 7a 128GB,193g,8GB,10.8MP,64MP,Google Tensor G2,"4,385mAh",6.1 inches,499.0,2023,2305380
Google,Pixel 8 128GB,187g,8GB,10.5MP,50MP,Google Tensor G3,"4,575mAh",6.2 inches,699.0,2023,3229380
Google,Pixel 8 Pro 256GB,213g,12GB,10.5MP,50MP,Google Tensor G3,"5,050mAh",6.7 inches,999.0,2023,4615380
Google,Pixel 8a 128GB,194g,8GB,10.5MP,64MP,Google Tensor G3,"4,385mAh",6.1 inches,549.0,2024,2536380
Google,Pixel 9 128GB,195g,8GB,10.8MP,50MP,Google Tensor G4,"4,600mAh",6.3 inches,799.0,2024,3691380
Google,Pixel 9 Pro 256GB,216g,12GB,10.8MP,50MP,Google Tensor G4,"5,050mAh",6.7 inches,1099.0,2024,5077380
Google,Pixel 9 Pro XL 512GB,222g,16GB,10.8MP,50MP,Google Tensor G4,"5,250mAh",6.8 inches,1299.0,2024,6001380
Google,Pixel 9 Pro Fold 512GB,250g,16GB,10.8MP,50MP,Google Tensor G4,"5,500mAh",7.6 inches,1799.0,2024,8311380
Tecno,Spark Go 1S 64GB,190g,4GB,8MP,13MP,MediaTek Helio A22,"5,000mAh",6.6 inches,129.0,2024,595980
Tecno,Megapad 11 256GB,450g,8GB,13MP,50MP,MediaTek G99,"8,000mAh",11 inches,349.0,2024,1612380
Tecno,Pop 9 4G 64GB,195g,3GB,5MP,8MP,Unisoc SC9863A,"5,000mAh",6.52 inches,99.0,2024,457380
Tecno,Megapad 128GB,420g,6GB,12MP,50MP,MediaTek Helio G80,"7,500mAh",10.9 inches,299.0,2024,1381380
Tecno,Camon 30S 256GB,198g,8GB,32MP,50MP,MediaTek Dimensity 810,"5,200mAh",6.8 inches,499.0,2024,2305380
Tecno,Spark 30C 5G 128GB,200g,6GB,16MP,50MP,MediaTek Dimensity 6100+,"5,000mAh",6.6 inches,199.0,2024,919380
Tecno,Spark 30 5G 128GB,195g,6GB,16MP,50MP,MediaTek Dimensity 6020,"5,000mAh",6.6 inches,229.0,2024,1057980
Tecno,Pop 9 64GB,190g,3GB,5MP,8MP,Unisoc SC9832E,"5,000mAh",6.52 inches,89.0,2024,411180
Tecno,Spark 30 Pro 256GB,205g,8GB,32MP,50MP,MediaTek Helio G99,"5,200mAh",6.8 inches,269.0,2024,1242780
Tecno,Spark 30 128GB,192g,4GB,16MP,50MP,MediaTek Helio G85,"5,000mAh",6.6 inches,179.0,2024,826980
Tecno,Phantom V Fold2 512GB,280g,12GB,32MP,64MP,MediaTek Dimensity 9200+,"5,500mAh",7.85 inches,1799.0,2024,8311380
Tecno,Phantom V Flip2 256GB,195g,8GB,32MP,50MP,MediaTek Dimensity 8050,"4,300mAh",6.9 inches,999.0,2024,4615380
Tecno,Pova 6 Neo 5G 256GB,225g,8GB,16MP,50MP,MediaTek Dimensity 810,"6,000mAh",6.8 inches,349.0,2024,1612380
Tecno,Spark 30C 128GB,190g,4GB,16MP,50MP,MediaTek Helio G85,"5,000mAh",6.6 inches,149.0,2024,688380
Tecno,Spark Go 1 64GB,195g,3GB,5MP,8MP,Unisoc SC9863A,"5,000mAh",6.52 inches,99.0,2024,457380
Tecno,Camon 30S Pro 512GB,202g,12GB,50MP,108MP,MediaTek Dimensity 9200,"5,200mAh",6.9 inches,1099.0,2024,5077380
Tecno,Spark 20P 128GB,195g,4GB,16MP,50MP,MediaTek Helio G85,"5,000mAh",6.6 inches,179.0,2024,826980
Tecno,Spark 20 Pro 5G 256GB,210g,8GB,32MP,50MP,MediaTek Dimensity 810,"5,200mAh",6.8 inches,329.0,2024,1519980
Tecno,Pova 6 Neo 256GB,230g,8GB,16MP,50MP,MediaTek Helio G99,"6,000mAh",6.8 inches,299.0,2024,1381380
Tecno,Camon 30 Premier 512GB,210g,12GB,50MP,108MP,MediaTek Dimensity 9200,"5,200mAh",6.9 inches,1199.0,2024,5539380
Tecno,Camon 30 Pro 512GB,205g,12GB,50MP,64MP,MediaTek Dimensity 8200,"5,200mAh",6.8 inches,899.0,2024,4153380
Tecno,Camon 30 5G 256GB,198g,8GB,32MP,50MP,MediaTek Dimensity 810,"5,000mAh",6.7 inches,499.0,2024,2305380
Tecno,Camon 30 128GB,195g,6GB,32MP,50MP,MediaTek Helio G99,"5,000mAh",6.7 inches,349.0,2024,1612380
Tecno,Pova 6 Pro 512GB,230g,12GB,32MP,64MP,MediaTek Dimensity 8100,"6,000mAh",6.9 inches,1099.0,2024,5077380
Tecno,Spark 20 Pro+ 256GB,210g,8GB,32MP,50MP,MediaTek Helio G99,"5,200mAh",6.8 inches,269.0,2024,1242780
Tecno,Spark 20 Pro 128GB,195g,6GB,16MP,50MP,MediaTek Helio G85,"5,000mAh",6.6 inches,199.0,2024,919380
Tecno,Spark 20 128GB,192g,4GB,16MP,50MP,MediaTek Helio G85,"5,000mAh",6.6 inches,179.0,2024,826980
Tecno,Spark 20C 128GB,190g,4GB,16MP,50MP,MediaTek Helio G85,"5,000mAh",6.6 inches,149.0,2024,688380
Tecno,Spark Go 2024 64GB,195g,3GB,5MP,8MP,Unisoc SC9863A,"5,000mAh",6.52 inches,99.0,2024,457380
Tecno,Pop 8 64GB,195g,3GB,5MP,8MP,Unisoc SC9832E,"5,000mAh",6.52 inches,89.0,2024,411180
Tecno,Camon 20s Pro 5G 512GB,202g,12GB,50MP,108MP,MediaTek Dimensity 9200,"5,200mAh",6.9 inches,1099.0,2024,5077380
Tecno,Camon 20s Pro 256GB,202g,12GB,50MP,108MP,MediaTek Dimensity 810,"5,200mAh",6.9 inches,899.0,2024,4153380
Tecno,Camon 20s 256GB,200g,8GB,32MP,50MP,MediaTek Helio G99,"5,000mAh",6.7 inches,449.0,2024,2074380
Tecno,Camon 20 Premier 512GB,205g,12GB,50MP,108MP,MediaTek Dimensity 8200,"5,200mAh",6.8 inches,1049.0,2024,4846380
Tecno,Camon 20 Pro 5G 256GB,200g,8GB,32MP,50MP,MediaTek Dimensity 810,"5,000mAh",6.7 inches,499.0,2024,2305380
Tecno,Camon 20 Pro 128GB,198g,6GB,32MP,50MP,MediaTek Helio G99,"5,000mAh",6.7 inches,349.0,2024,1612380
Tecno,Camon 20 128GB,195g,6GB,32MP,50MP,MediaTek Helio G99,"5,000mAh",6.7 inches,349.0,2024,1612380
Tecno,Pova 5G 512GB,240g,8GB,32MP,50MP,MediaTek Dimensity 900,"6,000mAh",6.9 inches,699.0,2024,3229380
Tecno,Pova 5 256GB,230g,8GB,16MP,50MP,MediaTek Helio G99,"6,000mAh",6.8 inches,329.0,2024,1519980
Infinix,Xpad,450g,6GB,8MP,13MP,MediaTek Helio G99,"7,000mAh",10.1 inches,299.0,2024,1381380
Infinix,Xpad 5G,470g,8GB,16MP,50MP,MediaTek Dimensity 810,"8,000mAh",10.4 inches,399.0,2024,1843380
Infinix,Xpad Lite,420g,4GB,5MP,8MP,Unisoc T606,"6,000mAh",9.7 inches,219.0,2024,1011780
Infinix,Xpad Pro,480g,12GB,32MP,50MP,MediaTek Dimensity 9200,"9,000mAh",11.0 inches,549.0,2024,2536380
Infinix,Hot 50,192g,6GB,8MP,50MP,MediaTek Helio G85,"5,000mAh",6.78 inches,219.0,2024,1011780
Infinix,Hot 50i,190g,4GB,8MP,50MP,Unisoc T606,"5,000mAh",6.6 inches,179.0,2024,826980
Infinix,Hot 50 5G,195g,8GB,16MP,50MP,MediaTek Dimensity 810,"5,200mAh",6.78 inches,289.0,2024,1335180
Infinix,Hot 50 Pro,194g,8GB,16MP,50MP,MediaTek Helio G99,"5,000mAh",6.8 inches,269.0,2024,1242780
Infinix,Hot 50 Pro+,196g,12GB,32MP,108MP,MediaTek Dimensity 9200,"5,300mAh",6.9 inches,379.0,2024,1750980
Infinix,GT 20 Pro,198g,12GB,32MP,108MP,MediaTek Dimensity 8200,"5,500mAh",6.9 inches,449.0,2024,2074380
Infinix,Note 40X 5G,198g,8GB,32MP,108MP,MediaTek Dimensity 7200,"5,200mAh",6.8 inches,349.0,2024,1612380
Infinix,Note 40S,196g,8GB,32MP,50MP,MediaTek Helio G99,"5,000mAh",6.78 inches,279.0,2024,1288980
Infinix,Note 40 5G,195g,8GB,32MP,108MP,MediaTek Dimensity 8100,"5,200mAh",6.8 inches,319.0,2024,1473780
Infinix,Note 40 Pro 5G,195g,12GB,32MP,108MP,MediaTek Dimensity 9000,"5,300mAh",6.8 inches,399.0,2024,1843380
Infinix,Note 40 Racing Edition,196g,12GB,32MP,108MP,MediaTek Dimensity 9200,"5,500mAh",6.9 inches,449.0,2024,2074380
Infinix,Hot 40,196g,8GB,32MP,50MP,MediaTek Helio G88,"5,000mAh",6.78 inches,199.0,2023,919380
Infinix,Hot 40i,195g,4GB,8MP,13MP,Unisoc T606,"5,000mAh",6.6 inches,159.0,2023,734580
Infinix,Hot 40 Pro,195g,8GB,32MP,108MP,MediaTek Helio G99,"5,000mAh",6.78 inches,229.0,2023,1057980
Infinix,Zero 40,195g,12GB,50MP,108MP,MediaTek Dimensity 8200,"5,000mAh",6.78 inches,349.0,2024,1612380
Infinix,Zero 40 5G,195g,12GB,50MP,108MP,MediaTek Dimensity 8200,"5,000mAh",6.78 inches,379.0,2024,1750980
Infinix,Zero Flip,190g,8GB,32MP,108MP,Qualcomm Snapdragon 778G,"4,500mAh",6.7 inches,399.0,2024,1843380
Infinix,Note 40,190g,8GB,32MP,108MP,MediaTek Helio G99,"5,000mAh",6.78 inches,279.0,2024,1288980
Infinix,Note 40 Pro,190g,12GB,32MP,108MP,MediaTek Dimensity 8100,"5,000mAh",6.78 inches,329.0,2024,1519980
Infinix,Hot 30 128GB,196g,8GB,8MP,50MP,MediaTek Helio G88,"5,000mAh",6.78 inches,199.0,2023,919380
Infinix,Hot 30i 128GB,191g,4GB,8MP,13MP,Unisoc T606,"5,000mAh",6.6 inches,159.0,2023,734580
Infinix,Hot 30i NFC 128GB,191g,4GB,8MP,13MP,Unisoc T606,"5,000mAh",6.6 inches,159.0,2023,734580
Infinix,Hot 30 Play 128GB,205g,4GB,8MP,16MP,MediaTek Helio G37,"6,000mAh",6.82 inches,179.0,2023,826980
Infinix,Hot 30 5G 128GB,202g,8GB,8MP,50MP,MediaTek Dimensity 810,"5,000mAh",6.78 inches,239.0,2023,1104180
Infinix,Zero 30 256GB,185g,8GB,50MP,108MP,MediaTek Dimensity 8020,"5,000mAh",6.78 inches,349.0,2023,1612380
Infinix,Zero 30 5G 256GB,185g,12GB,50MP,108MP,MediaTek Dimensity 8020,"5,000mAh",6.78 inches,379.0,2023,1750980
Infinix,GT 10 Pro 256GB,187g,8GB,32MP,108MP,MediaTek Dimensity 8050,"5,000mAh",6.67 inches,399.0,2023,1843380
Infinix,Hot 12 128GB,195g,6GB,8MP,13MP,MediaTek Helio G85,"5,000mAh",6.82 inches,179.0,2022,826980
Infinix,Hot 12 Play 128GB,209g,4GB,8MP,13MP,Unisoc T610,"6,000mAh",6.82 inches,159.0,2022,734580
Infinix,Hot 12 Pro 128GB,191g,8GB,8MP,50MP,Unisoc T616,"5,000mAh",6.6 inches,199.0,2022,919380
Infinix,Hot 12i 64GB,190g,4GB,8MP,13MP,MediaTek Helio A22,"5,000mAh",6.6 inches,139.0,2022,642180
Infinix,Hot 20 128GB,198g,6GB,8MP,50MP,MediaTek Helio G85,"5,000mAh",6.82 inches,199.0,2022,919380
Infinix,Hot 20 Play 128GB,209g,4GB,8MP,13MP,MediaTek Helio G37,"6,000mAh",6.82 inches,159.0,2022,734580
Infinix,Hot 20s 128GB,202g,8GB,8MP,50MP,MediaTek Helio G96,"5,000mAh",6.78 inches,219.0,2022,1011780
Infinix,Hot 20 5G 128GB,204g,6GB,8MP,50MP,MediaTek Dimensity 810,"5,000mAh",6.6 inches,239.0,2022,1104180
Infinix,Hot 20i 64GB,195g,4GB,8MP,13MP,MediaTek Helio G25,"5,000mAh",6.6 inches,139.0,2022,642180
Infinix,Hot 10T 128GB,205g,4GB,8MP,48MP,MediaTek Helio G70,"5,000mAh",6.82 inches,149.0,2021,688380
Infinix,Hot 10S 128GB,211g,6GB,8MP,48MP,MediaTek Helio G85,"6,000mAh",6.82 inches,169.0,2021,780780
Infinix,Hot 10S NFC 128GB,211g,6GB,8MP,48MP,MediaTek Helio G85,"6,000mAh",6.82 inches,179.0,2021,826980
Infinix,Hot 10 Lite 64GB,195g,3GB,8MP,13MP,MediaTek Helio A25,"5,000mAh",6.6 inches,109.0,2020,503580
Infinix,Hot 10 Play 64GB,207g,4GB,8MP,13MP,MediaTek Helio G25,"6,000mAh",6.82 inches,139.0,2021,642180
Infinix,Hot 11 128GB,201g,4GB,8MP,13MP,MediaTek Helio G70,"5,200mAh",6.6 inches,159.0,2021,734580
Infinix,Hot 11 Play 128GB,209g,4GB,8MP,13MP,MediaTek Helio G35,"6,000mAh",6.82 inches,169.0,2021,780780
Infinix,Hot 11s 128GB,205g,6GB,8MP,50MP,MediaTek Helio G88,"5,000mAh",6.78 inches,189.0,2021,873180
Infinix,Smart HD 32GB,195g,2GB,5MP,8MP,MediaTek Helio A20,"5,000mAh",6.1 inches,79.0,2020,364980
Infinix,Note 8i 128GB,210g,6GB,8MP,48MP,MediaTek Helio G80,"5,200mAh",6.78 inches,199.0,2020,919380
Infinix,Hot 10 Lite 64GB,195g,3GB,8MP,13MP,MediaTek Helio A25,"5,000mAh",6.6 inches,109.0,2020,503580
Infinix,Note 8 128GB,210g,6GB,16MP,64MP,MediaTek Helio G80,"5,200mAh",6.95 inches,229.0,2020,1057980
Infinix,Zero 8i 128GB,210g,8GB,16MP,48MP,MediaTek Helio G90T,"4,500mAh",6.85 inches,249.0,2020,1150380
Infinix,Hot 10 128GB,204g,4GB,8MP,16MP,MediaTek Helio G70,"5,200mAh",6.78 inches,159.0,2020,734580
Infinix,Zero 8 128GB,205g,8GB,48MP,64MP,MediaTek Helio G90T,"4,500mAh",6.85 inches,279.0,2020,1288980
Infinix,Smart 5 64GB,195g,3GB,8MP,13MP,MediaTek Helio A20,"5,000mAh",6.6 inches,99.0,2020,457380
Honor,9X Lite,175g,4GB,8MP,48MP,Kirin 710F,"3,750mAh",6.5 inches,219.0,2020,1011780
Honor,30,185g,8GB,32MP,40MP,Kirin 985 5G,"4,000mAh",6.53 inches,449.0,2020,2074380
Honor,30 Pro,190g,8GB,32MP,50MP,Kirin 990 5G,"4,000mAh",6.57 inches,599.0,2020,2767380
Honor,30 Pro+,192g,12GB,32MP,50MP,Kirin 990 5G,"4,000mAh",6.57 inches,699.0,2020,3229380
Honor,30S,190g,6GB,16MP,64MP,Kirin 820 5G,"4,000mAh",6.5 inches,349.0,2020,1612380
Honor,X10,203g,6GB,16MP,40MP,Kirin 820 5G,"4,300mAh",6.63 inches,319.0,2020,1473780
Honor,X10 Max,227g,8GB,8MP,48MP,MediaTek Dimensity 800,"5,000mAh",7.09 inches,379.0,2020,1750980
Honor,Play 4,213g,6GB,16MP,64MP,MediaTek Dimensity 800,"4,300mAh",6.81 inches,349.0,2020,1612380
Honor,Play 4 Pro,213g,8GB,32MP,40MP,Kirin 990 5G,"4,200mAh",6.57 inches,549.0,2020,2536380
Honor,10X Lite,206g,4GB,8MP,48MP,Kirin 710A,"5,000mAh",6.67 inches,229.0,2020,1057980
Honor,V40,189g,8GB,16MP,50MP,MediaTek Dimensity 1000+,"4,000mAh",6.72 inches,599.0,2021,2767380
Honor,50,175g,8GB,32MP,108MP,Qualcomm Snapdragon 778G,"4,300mAh",6.57 inches,549.0,2021,2536380
Honor,50 Pro,187g,8GB,32MP,108MP,Qualcomm Snapdragon 778G,"4,000mAh",6.72 inches,649.0,2021,2998380
Honor,50 SE,191g,8GB,16MP,108MP,MediaTek Dimensity 900,"4,000mAh",6.78 inches,449.0,2021,2074380
Honor,X20,192g,6GB,16MP,64MP,MediaTek Dimensity 900,"4,300mAh",6.67 inches,379.0,2021,1750980
Honor,X20 SE,179g,6GB,16MP,64MP,MediaTek Dimensity 700,"4,000mAh",6.6 inches,299.0,2021,1381380
Honor,Play 5,179g,8GB,16MP,64MP,MediaTek Dimensity 800U,"3,800mAh",6.53 inches,319.0,2021,1473780
Honor,Play 5T,191g,6GB,8MP,13MP,Unisoc T610,"5,000mAh",6.5 inches,219.0,2021,1011780
Honor,Magic3,202g,8GB,13MP,50MP,Qualcomm Snapdragon 888,"4,600mAh",6.76 inches,899.0,2021,4153380
Honor,Magic3 Pro,213g,8GB,13MP,50MP,Qualcomm Snapdragon 888+,"4,600mAh",6.76 inches,1099.0,2021,5077380
Honor,Magic3 Pro+,236g,12GB,13MP,50MP,Qualcomm Snapdragon 888+,"4,600mAh",6.76 inches,1299.0,2021,6001380
Honor,60,179g,8GB,32MP,108MP,Qualcomm Snapdragon 778G,"4,800mAh",6.67 inches,549.0,2021,2536380
Honor,60 Pro,192g,8GB,50MP,108MP,Qualcomm Snapdragon 778G+,"4,800mAh",6.78 inches,649.0,2021,2998380
Honor,60 SE,191g,8GB,16MP,64MP,MediaTek Dimensity 900,"4,300mAh",6.67 inches,449.0,2021,2074380
Honor,X30,189g,6GB,16MP,48MP,Qualcomm Snapdragon 695,"4,800mAh",6.81 inches,379.0,2021,1750980
Honor,X30i,175g,6GB,16MP,48MP,MediaTek Dimensity 810,"4,000mAh",6.7 inches,299.0,2021,1381380
Honor,X30 Max,228g,8GB,8MP,64MP,MediaTek Dimensity 900,"5,000mAh",7.09 inches,499.0,2021,2305380
Honor,Play 6,190g,6GB,5MP,13MP,MediaTek MT6762G Helio G25,"5,000mAh",6.52 inches,179.0,2022,826980
Honor,Play 6T,198g,6GB,5MP,13MP,MediaTek Dimensity 700,"5,000mAh",6.74 inches,229.0,2022,1057980
Honor,Magic4,199g,8GB,12MP,50MP,Qualcomm Snapdragon 8 Gen 1,"4,800mAh",6.81 inches,899.0,2022,4153380
Honor,Magic4 Pro,215g,8GB,12MP,50MP,Qualcomm Snapdragon 8 Gen 1,"4,600mAh",6.81 inches,1099.0,2022,5077380
Honor,Magic4 Ultimate,242g,12GB,12MP,50MP,Qualcomm Snapdragon 8 Gen 1,"4,600mAh",6.81 inches,1299.0,2022,6001380
Honor,Magic V,288g,12GB,42MP,50MP,Qualcomm Snapdragon 8 Gen 1,"4,750mAh",7.9 inches,1799.0,2022,8311380
Honor,70,178g,8GB,32MP,54MP,Qualcomm Snapdragon 778G+,"4,800mAh",6.67 inches,549.0,2022,2536380
Honor,70 Pro,192g,8GB,50MP,54MP,MediaTek Dimensity 8000,"4,500mAh",6.78 inches,699.0,2022,3229380
Honor,70 Pro+,209g,12GB,50MP,54MP,MediaTek Dimensity 9000,"4,500mAh",6.78 inches,799.0,2022,3691380
Honor,X40,172g,6GB,8MP,50MP,Qualcomm Snapdragon 695,"5,100mAh",6.67 inches,299.0,2022,1381380
Honor,X40i,175g,6GB,8MP,50MP,MediaTek Dimensity 700,"4,000mAh",6.7 inches,279.0,2022,1288980
Honor,Play 7,196g,4GB,5MP,13MP,MediaTek Helio G37,"5,200mAh",6.74 inches,159.0,2023,734580
Honor,Play 7T,199g,6GB,5MP,13MP,MediaTek Dimensity 6020,"5,200mAh",6.74 inches,199.0,2023,919380
Honor,Magic5,204g,8GB,12MP,50MP,Qualcomm Snapdragon 8 Gen 2,"5,100mAh",6.81 inches,999.0,2023,4615380
Honor,Magic5 Pro,219g,12GB,12MP,50MP,Qualcomm Snapdragon 8 Gen 2,"5,100mAh",6.81 inches,1199.0,2023,5539380
Honor,Magic5 Ultimate,234g,16GB,12MP,50MP,Qualcomm Snapdragon 8 Gen 2,"5,450mAh",6.81 inches,1399.0,2023,6463380
Honor,Magic Vs,267g,12GB,16MP,50MP,Qualcomm Snapdragon 8+ Gen 1,"5,000mAh",7.9 inches,1699.0,2023,7849380
Honor,80,180g,8GB,32MP,160MP,Qualcomm Snapdragon 782G,"4,800mAh",6.67 inches,549.0,2022,2536380
Honor,80 Pro,193g,12GB,50MP,160MP,Qualcomm Snapdragon 8+ Gen 1,"4,800mAh",6.78 inches,799.0,2022,3691380
Honor,80 SE,175g,8GB,32MP,64MP,MediaTek Dimensity 900,"4,600mAh",6.67 inches,399.0,2022,1843380
Honor,X50,185g,6GB,8MP,108MP,Qualcomm Snapdragon 6 Gen 1,"5,800mAh",6.78 inches,299.0,2023,1381380
Honor,X50i,179g,6GB,8MP,100MP,MediaTek Dimensity 6020,"4,500mAh",6.7 inches,249.0,2023,1150380
Honor,Play 8,191g,4GB,5MP,13MP,MediaTek Helio G36,"5,000mAh",6.52 inches,149.0,2023,688380
Honor,Play 8T,195g,6GB,5MP,50MP,MediaTek Dimensity 6100+,"5,200mAh",6.74 inches,189.0,2023,873180
Honor,Magic6,203g,8GB,12MP,50MP,Qualcomm Snapdragon 8 Gen 3,"5,200mAh",6.81 inches,1099.0,2024,5077380
Honor,Magic6 Pro,219g,12GB,12MP,50MP,Qualcomm Snapdragon 8 Gen 3,"5,500mAh",6.81 inches,1299.0,2024,6001380
Honor,Magic6 Ultimate,234g,16GB,12MP,50MP,Qualcomm Snapdragon 8 Gen 3,"5,550mAh",6.81 inches,1499.0,2024,6925380
Honor,Magic V2,231g,12GB,16MP,50MP,Qualcomm Snapdragon 8 Gen 2,"5,000mAh",7.92 inches,1899.0,2024,8773380
Honor,90,183g,12GB,50MP,200MP,Qualcomm Snapdragon 7 Gen 1,"5,000mAh",6.7 inches,599.0,2023,2767380
Honor,90 Pro,192g,12GB,50MP,200MP,Qualcomm Snapdragon 8+ Gen 1,"5,000mAh",6.78 inches,699.0,2023,3229380
Honor,90 SE,175g,8GB,32MP,64MP,MediaTek Dimensity 900,"4,600mAh",6.67 inches,399.0,2023,1843380
Honor,X60,185g,6GB,8MP,108MP,Qualcomm Snapdragon 6 Gen 1,"5,800mAh",6.78 inches,299.0,2023,1381380
Honor,X60i,179g,6GB,8MP,100MP,MediaTek Dimensity 6020,"4,500mAh",6.7 inches,249.0,2023,1150380
Honor,Play 9,191g,4GB,5MP,13MP,MediaTek Helio G36,"5,000mAh",6.52 inches,149.0,2023,688380
Honor,Play 9T,195g,6GB,5MP,50MP,MediaTek Dimensity 6100+,"5,200mAh",6.74 inches,189.0,2023,873180
Honor,Magic7,203g,8GB,12MP,50MP,Qualcomm Snapdragon 8 Gen 3,"5,200mAh",6.81 inches,1099.0,2024,5077380
Honor,Magic7 Pro,219g,12GB,12MP,50MP,Qualcomm Snapdragon 8 Gen 3,"5,500mAh",6.81 inches,1299.0,2024,6001380
Honor,Magic7 Ultimate,234g,16GB,12MP,50MP,Qualcomm Snapdragon 8 Gen 3,"5,550mAh",6.81 inches,1499.0,2024,6925380
Honor,Magic V3,231g,12GB,16MP,50MP,Qualcomm Snapdragon 8 Gen 2,"5,000mAh",7.92 inches,1899.0,2024,8773380
Honor,Pad 6,460g,4GB,2MP,5MP,Qualcomm Snapdragon 662,"5,100mAh",10.1 inches,199.0,2020,919380
Honor,Pad X6,460g,3GB,2MP,5MP,MediaTek MT8768T,"5,100mAh",9.7 inches,159.0,2020,734580
Honor,Pad 7,460g,4GB,2MP,5MP,MediaTek Helio G80,"5,100mAh",10.1 inches,229.0,2021,1057980
Honor,Tablet V7,480g,6GB,8MP,13MP,MediaTek Dimensity 800,"7,250mAh",10.4 inches,399.0,2021,1843380
Honor,Tablet V7 Pro,485g,8GB,8MP,13MP,MediaTek Dimensity 1300T,"7,250mAh",11.0 inches,499.0,2021,2305380
Honor,Pad 8,520g,6GB,5MP,5MP,Qualcomm Snapdragon 680,"7,250mAh",12.0 inches,299.0,2022,1381380
Honor,Pad X8,460g,4GB,2MP,5MP,MediaTek Helio G80,"5,100mAh",10.1 inches,189.0,2022,873180
Honor,Pad X8 Lite,450g,3GB,2MP,5MP,MediaTek MT8786,"5,000mAh",9.7 inches,149.0,2022,688380
Honor,Pad V8,510g,6GB,5MP,13MP,MediaTek Dimensity 8020,"7,250mAh",11.0 inches,449.0,2023,2074380
Honor,Pad V8 Pro,530g,8GB,8MP,13MP,MediaTek Dimensity 9000,"8,500mAh",12.1 inches,649.0,2023,2998380
Honor,Pad 9,550g,8GB,8MP,13MP,Qualcomm Snapdragon 6 Gen 1,"8,300mAh",12.1 inches,399.0,2024,1843380
Honor,Pad 9 Pro,560g,12GB,8MP,13MP,MediaTek Dimensity 8100,"9,000mAh",12.6 inches,499.0,2024,2305380
Honor,Pad X9,495g,6GB,5MP,8MP,Qualcomm Snapdragon 685,"7,250mAh",11.5 inches,299.0,2023,1381380
Honor,Pad X8 Pro,460g,4GB,2MP,5MP,MediaTek Helio G80,"5,100mAh",10.1 inches,189.0,2023,873180
Honor,MagicPad 13,590g,12GB,8MP,13MP,Qualcomm Snapdragon 8+ Gen 1,"10,000mAh",13.0 inches,799.0,2023,3691380
Honor,MagicPad 2,580g,16GB,12MP,16MP,Qualcomm Snapdragon 8 Gen 2,"10,500mAh",13.2 inches,899.0,2024,4153380
Honor,Pad X8a,450g,4GB,2MP,5MP,MediaTek MT8786,"5,000mAh",9.7 inches,149.0,2023,688380
Honor,Pad X8a Kids Edition,460g,3GB,2MP,5MP,MediaTek MT8786,"5,100mAh",9.7 inches,129.0,2023,595980
Honor,Pad X9 Pro,505g,8GB,8MP,13MP,Qualcomm Snapdragon 7s Gen 2,"8,000mAh",11.6 inches,399.0,2024,1843380
Honor,Pad V9,530g,8GB,8MP,13MP,MediaTek Dimensity 9000,"8,500mAh",12.1 inches,649.0,2024,2998380
Honor,Pad GT Pro,610g,12GB,12MP,16MP,Qualcomm Snapdragon 8 Gen 3,"10,500mAh",13.5 inches,999.0,2024,4615380
Honor,Pad X10,475g,6GB,5MP,8MP,Qualcomm Snapdragon 685,"8,850mAh",12.1 inches,399.0,2024,1843380
Honor,Pad X10 Pro,485g,8GB,8MP,13MP,Qualcomm Snapdragon 7s Gen 2,"9,000mAh",12.6 inches,499.0,2024,2305380
Honor,MagicPad 3,590g,12GB,12MP,16MP,Qualcomm Snapdragon 8 Gen 3,"10,500mAh",13.0 inches,799.0,2024,3691380
Honor,Pad V10,530g,8GB,8MP,13MP,MediaTek Dimensity 9000,"8,500mAh",12.1 inches,649.0,2024,2998380
Samsung,Galaxy Z Fold6 256GB,239g,12GB,"10MP, 4MP (UDC)",50MP,Snapdragon 8 Gen 3,4400mAh,7.6 inches,1899.0,2024,8773380
Samsung,Galaxy Z Fold6 512GB,239g,12GB,"10MP, 4MP (UDC)",50MP,Snapdragon 8 Gen 3,4400mAh,7.6 inches,1719.0,2024,7941780
Samsung,Galaxy Z Fold6 1TB,239g,12GB,"10MP, 4MP (UDC)",50MP,Snapdragon 8 Gen 3,4400mAh,7.6 inches,2259.0,2024,10436580
